panel,model,sample_id,sample_type,S,D,R,direction_emphasized,status
bias,qwen3_vl_8b,gen:accept_a_svt:S0035,Conflict,0.0024495633315228284,15.265186727419461,0.9314608638690798,true,Ready
bias,qwen3_vl_8b,gen:accept_a_svt:S0040,Conflict,0.0027914858001089095,14.745207610021613,0.9399873739089576,true,Ready
bias,qwen3_vl_8b,gen:accept_a_svt:S0126,Conflict,0.006760884520462188,11.96435832374307,0.9543631398314898,false,Ready
bias,qwen3_vl_8b,gen:accept_a_svt:S0168,Conflict,0.0055059478562338345,9.73553536569942,0.18932322895019635,false,Ready
bias,qwen3_vl_8b,gen:accept_a_svt:S0174,Conflict,0.0030750293881830677,14.292217721252666,0.9196890612463302,true,Ready
bias,qwen3_vl_8b,gen:accept_a_svt:S0175,Conflict,0.005350742616868759,10.302692500872501,0.990603741594732,false,Ready
bias,qwen3_vl_8b,gen:accept_a_svt:S0177,Conflict,0.00351862626998182,13.01803306723719,0.9911380019550313,true,Ready
bias,qwen3_vl_8b,gen:accept_a_svt:S0193,Conflict,0.004099667555070595,13.594809232817399,0.98514663148247,true,Ready
bias,qwen3_vl_8b,gen:accept_a_svt:S0221,Conflict,0.00606916844488293,8.836583067936328,0.6065967764825378,false,Ready
bias,qwen3_vl_8b,gen:accept_a_svt:S0233,Conflict,0.0053269292487492905,10.651829645462112,0.9531287186337603,false,Ready
bias,qwen3_vl_8b,gen:accept_a_svt:S0235,Conflict,0.002999082468249658,12.584082182283337,0.972335770117132,true,Ready
bias,qwen3_vl_8b,gen:accept_a_svt:S0238,Conflict,0.006055704052371369,8.98330384285667,0.8090143458195336,false,Ready
bias,qwen3_vl_8b,gen:accept_a_svt:S0245,Conflict,0.003695196400423243,12.066013829230494,0.95234166725291,true,Ready
bias,qwen3_vl_8b,gen:accept_a_svt:S0247,Conflict,0.0032850009744426942,13.667390320755043,0.9708811666559002,true,Ready
bias,qwen3_vl_8b,gen:accept_a_svt:S0305,Conflict,0.004564499836839267,9.963212868890787,0.9248451693084777,false,Ready
bias,qwen3_vl_8b,gen:accept_a_svt:S0307,Conflict,0.004722268730930213,9.351416946345966,0.9940345675668094,false,Ready
bias,qwen3_vl_8b,gen:accept_a_svt:S0313,Conflict,0.004515885520737375,7.469605493170576,0.7027314376933615,false,Ready
bias,qwen3_vl_8b,gen:accept_a_svt:S0329,Conflict,0.003434260434557365,8.636682446535215,0.8160559211988687,false,Ready
bias,qwen3_vl_8b,gen:accept_a_svt:S0331,Conflict,0.003360987083019537,14.204772576876989,-0.6150455461679282,true,Ready
bias,qwen3_vl_8b,gen:accept_a_svt:S0342,Conflict,0.005566057413687619,8.835606049334048,0.8974200606128746,false,Ready
bias,qwen3_vl_8b,gen:accept_a_svt:S0355,Conflict,0.007644493694840233,17.301198303245137,0.9812552929829276,true,Ready
bias,qwen3_vl_8b,gen:accept_a_svt:S0362,Conflict,0.008267054272990407,9.618242189645096,0.5640651315961647,false,Ready
bias,qwen3_vl_8b,gen:accept_a_svt:S0364,Conflict,0.005678278113297157,7.7423307428816015,0.549798168206768,false,Ready
bias,qwen3_vl_8b,gen:accept_a_svt:S0373,Conflict,0.004520194566865268,15.516350656488749,0.953554339828005,true,Ready
bias,qwen3_vl_8b,gen:accept_a_svt:S0375,Conflict,0.007014938339400335,9.273454258339427,0.6559683731102791,false,Ready
bias,qwen3_vl_8b,gen:accept_a_svt:S0393,Conflict,0.006214075076185349,21.699012724273498,0.8970334916112227,true,Ready
bias,qwen3_vl_8b,gen:accept_a_svt:S0412,Conflict,0.006035967805013966,11.85878745248045,0.8590885021637202,false,Ready
bias,qwen3_vl_8b,gen:accept_a_svt:S0423,Conflict,0.004867570423960051,9.98636541944206,0.2852763963183629,false,Ready
bias,qwen3_vl_8b,gen:accept_a_svt:S0424,Conflict,0.00796537302789283,9.783056508843124,0.043423594816968496,false,Ready
bias,qwen3_vl_8b,gen:accept_a_svt:S0426,Conflict,0.006686233725676759,12.363656754352215,0.7526231908571969,true,Ready
bias,qwen3_vl_8b,gen:accept_a_svt:S0429,Conflict,0.007622316888238944,11.841165330692325,0.22587390388020406,false,Ready
bias,qwen3_vl_8b,gen:accept_a_svt:S0432,Conflict,0.007284475319468987,10.6324984519788,0.8949897816133227,false,Ready
bias,qwen3_vl_8b,gen:accept_a_svt:S0443,Conflict,0.004798369463444481,13.703373599306156,0.11069998002167637,true,Ready
bias,qwen3_vl_8b,gen:accept_a_svt:S0444,Conflict,0.007994016078846351,12.467173264710896,0.6591259697504863,true,Ready
bias,qwen3_vl_8b,gen:accept_a_svt:S0448,Conflict,0.004491094648044155,13.394858531384427,0.2654332822268175,true,Ready
bias,qwen3_vl_8b,gen:accept_a_svt:S0449,Conflict,0.005606722199825835,10.744069040330302,0.3214466517932613,false,Ready
bias,qwen3_vl_8b,gen:accept_a_svt:S0467,Conflict,0.004836118618456667,6.680676300428379,0.487626007781465,false,Ready
bias,qwen3_vl_8b,gen:accept_a_svt:S0470,Conflict,0.007289294058953168,9.54869764937574,0.2615685956069708,false,Ready
bias,qwen3_vl_8b,gen:accept_a_svt:S0484,Conflict,0.004512821194080522,11.82689755478923,0.9379981075440935,false,Ready
bias,qwen3_vl_8b,gen:accept_a_svt:S0486,Conflict,0.0034922983063464448,11.520508626751191,0.9697835609904825,false,Ready
bias,qwen3_vl_8b,gen:accept_a_svt:S0499,Conflict,0.006209423893593083,10.920446476830072,0.6717686683421907,false,Ready
bias,qwen3_vl_8b,gen:accept_a_svt:S0506,Conflict,0.0058511380854960925,10.342870503579656,0.8798992112412262,false,Ready
bias,qwen3_vl_8b,gen:accept_a_svt:S0533,Conflict,0.005229384025787739,8.937874805760195,0.7784158522567165,false,Ready
bias,qwen3_vl_8b,gen:accept_a_svt:S0538,Conflict,0.00510381082090329,10.407561710390734,-0.14859964266253636,false,Ready
bias,qwen3_vl_8b,gen:accept_a_svt:S0540,Conflict,0.007567382524054342,8.327194719283002,0.9376031357021222,false,Ready
bias,qwen3_vl_8b,gen:accept_a_svt:S0551,Conflict,0.00704435768259187,9.08605032652807,0.9330112164746768,false,Ready
bias,qwen3_vl_8b,gen:accept_a_svt:S0558,Conflict,0.008231867011992458,7.254505104735168,0.8564122023460304,false,Ready
bias,qwen3_vl_8b,gen:accept_a_svt:S0566,Conflict,0.006115409258851877,8.263785800749284,0.7456104112744508,false,Ready
bias,qwen3_vl_8b,gen:accept_a_svt:S0568,Conflict,0.0073172704572641535,6.653810721621823,0.8991025610115467,false,Ready
bias,qwen3_vl_8b,gen:accept_a_svt:S0593,Conflict,0.007855980350875785,11.000982039406118,0.3533512936021792,false,Ready
bias,qwen3_vl_8b,gen:accept_a_svt:S0598,Conflict,0.004469058432265299,10.729794268968211,0.9554258514056837,false,Ready
bias,qwen3_vl_8b,gen:accept_a_svt:S0605,Conflict,0.007135860578458126,7.455150986971361,0.9387922900213059,false,Ready
bias,qwen3_vl_8b,gen:accept_a_svt:S0611,Conflict,0.008328065258183316,7.787373700669514,0.9169506966360134,false,Ready
bias,qwen3_vl_8b,gen:accept_a_svt:S0616,Conflict,0.007057005306515537,7.905112764739428,0.879816117893438,false,Ready
bias,qwen3_vl_8b,gen:accept_a_svt:S0636,Conflict,0.00722305088675172,10.744342469356912,0.8648449388042314,false,Ready
bias,qwen3_vl_8b,gen:accept_a_svt:S0637,Conflict,0.007195494321843396,6.6905195353261,0.9211550995540688,false,Ready
bias,qwen3_vl_8b,gen:accept_a_svt:S0656,Conflict,0.005819787736575376,9.151884506700071,0.9392489759807068,false,Ready
bias,qwen3_vl_8b,gen:accept_a_svt:S0658,Conflict,0.007966877101255163,8.935704838070711,0.8594032237535728,false,Ready
bias,qwen3_vl_8b,gen:accept_a_svt:S0661,Conflict,0.00496121560456846,10.338595008460917,0.9449370331112665,false,Ready
bias,qwen3_vl_8b,gen:accept_a_svt:S0667,Conflict,0.006366817900697368,8.890026254953636,0.9416690672676875,false,Ready
bias,qwen3_vl_8b,gen:accept_a_svt:S0677,Conflict,0.005961924640508855,8.718074372951863,0.8444193607259466,false,Ready
bias,qwen3_vl_8b,gen:accept_a_svt:S0748,Conflict,0.007849478141073231,9.485720228432653,0.9391389886684598,false,Ready
bias,qwen3_vl_8b,gen:accept_a_svt:S0762,Conflict,0.008056722922731165,10.710934799145454,0.9167642257336556,false,Ready
bias,internvl3_5_8b,gen:accept_a_svt:S0035,Conflict,0.004655302450491727,15.092758016976816,0.9287495861276261,true,Ready
bias,internvl3_5_8b,gen:accept_a_svt:S0040,Conflict,0.004103783484264754,16.678714408013228,0.9679090023883563,true,Ready
bias,internvl3_5_8b,gen:accept_a_svt:S0116,Conflict,0.006770661676021449,6.726114564587751,0.5474922939747711,false,Ready
bias,internvl3_5_8b,gen:accept_a_svt:S0126,Conflict,0.00987904439710075,23.52155436097449,0.8657723043013984,true,Ready
bias,internvl3_5_8b,gen:accept_a_svt:S0143,Conflict,0.005697255302448378,23.390641423836,0.9939515830434696,true,Ready
bias,internvl3_5_8b,gen:accept_a_svt:S0147,Conflict,0.009139684981813388,13.348933625262587,0.8414438370285422,true,Ready
bias,internvl3_5_8b,gen:accept_a_svt:S0162,Conflict,0.005260994937591597,24.441853902485512,0.9852708896846004,true,Ready
bias,internvl3_5_8b,gen:accept_a_svt:S0168,Conflict,0.004375650385883327,13.50695964107391,-0.025479829872362178,true,Ready
bias,internvl3_5_8b,gen:accept_a_svt:S0174,Conflict,0.009260703406468987,10.431843199770672,0.9959023387074771,false,Ready
bias,internvl3_5_8b,gen:accept_a_svt:S0175,Conflict,0.005004460152553048,15.513656847760048,0.9898056836478814,true,Ready
bias,internvl3_5_8b,gen:accept_a_svt:S0177,Conflict,0.0030023650582585875,22.79953000899971,0.99591108936846,true,Ready
bias,internvl3_5_8b,gen:accept_a_svt:S0182,Conflict,0.003603057889221256,30.3195652493532,0.9918513499181579,true,Ready
bias,internvl3_5_8b,gen:accept_a_svt:S0193,Conflict,0.004638134689415852,24.203859835365627,0.9883698359192746,true,Ready
bias,internvl3_5_8b,gen:accept_a_svt:S0198,Conflict,0.005189060579941954,21.52372388898992,0.9954203229930516,true,Ready
bias,internvl3_5_8b,gen:accept_a_svt:S0207,Conflict,0.004611704868934489,22.9582287759232,0.9733659778106443,true,Ready
bias,internvl3_5_8b,gen:accept_a_svt:S0233,Conflict,0.007537579362831966,10.636666338368345,0.9882625259275243,false,Ready
bias,internvl3_5_8b,gen:accept_a_svt:S0235,Conflict,0.0030076248760226507,20.58799478676129,0.9922817863842559,true,Ready
bias,internvl3_5_8b,gen:accept_a_svt:S0238,Conflict,0.009254981559876118,11.382455697243335,0.734859245115338,false,Ready
bias,internvl3_5_8b,gen:accept_a_svt:S0245,Conflict,0.006473625565642445,8.026841736066057,0.9673702718302266,false,Ready
bias,internvl3_5_8b,gen:accept_a_svt:S0247,Conflict,0.007843860998188422,13.63224983718146,0.9191554410540969,true,Ready
bias,internvl3_5_8b,gen:accept_a_svt:S0254,Conflict,0.004295657320646232,32.030181209954904,0.9726509609706533,true,Ready
bias,internvl3_5_8b,gen:accept_a_svt:S0291,Conflict,0.0067936590875846735,20.262664398421286,0.9312922384229646,true,Ready
bias,internvl3_5_8b,gen:accept_a_svt:S0329,Conflict,0.004872162117566828,6.905958336266214,0.4362542888272791,false,Ready
bias,internvl3_5_8b,gen:accept_a_svt:S0331,Conflict,0.006101629706228313,10.713766295216864,-0.6226537575450205,false,Ready
bias,internvl3_5_8b,gen:accept_a_svt:S0332,Conflict,0.005211900292743074,10.859810418901512,-0.0019684324586389103,false,Ready
bias,internvl3_5_8b,gen:accept_a_svt:S0335,Conflict,0.003705602361011352,8.25691951043255,0.7219392549458814,false,Ready
bias,internvl3_5_8b,gen:accept_a_svt:S0342,Conflict,0.007515736567703654,6.642992015773308,0.6268706719837968,false,Ready
bias,internvl3_5_8b,gen:accept_a_svt:S0355,Conflict,0.004298347532054051,28.65901813042687,0.9913165724807464,true,Ready
bias,internvl3_5_8b,gen:accept_a_svt:S0373,Conflict,0.007165679774262558,12.473609854234907,0.9757543811386463,false,Ready
bias,internvl3_5_8b,gen:accept_a_svt:S0375,Conflict,0.005559724386881938,11.163236260420947,0.5533412190270597,false,Ready
bias,internvl3_5_8b,gen:accept_a_svt:S0393,Conflict,0.0061955844307576115,26.816956547527752,0.9521648125066874,true,Ready
bias,internvl3_5_8b,gen:accept_a_svt:S0396,Conflict,0.005494141558257174,8.687013488098717,0.4489318583632801,false,Ready
bias,internvl3_5_8b,gen:accept_a_svt:S0423,Conflict,0.009063095846961473,15.585123223414948,0.4679910547871388,true,Ready
bias,internvl3_5_8b,gen:accept_a_svt:S0424,Conflict,0.009766706899321709,13.260333852477878,0.6366424169805237,true,Ready
bias,internvl3_5_8b,gen:accept_a_svt:S0426,Conflict,0.006451610290258175,12.924489077651709,0.7405770120788738,true,Ready
bias,internvl3_5_8b,gen:accept_a_svt:S0432,Conflict,0.004764658573350717,13.85666807034587,0.7852791638685647,true,Ready
bias,internvl3_5_8b,gen:accept_a_svt:S0448,Conflict,0.009538253827405486,14.49724153524197,0.6216903128918769,true,Ready
bias,internvl3_5_8b,gen:accept_a_svt:S0467,Conflict,0.005209556549375466,14.302964038341969,0.5579105186553931,true,Ready
bias,internvl3_5_8b,gen:accept_a_svt:S0484,Conflict,0.002717983144957205,11.536041374834983,0.8513056981584199,false,Ready
bias,internvl3_5_8b,gen:accept_a_svt:S0486,Conflict,0.0016704188263760697,15.896954363460637,0.8484610046439915,true,Ready
bias,internvl3_5_8b,gen:accept_a_svt:S0497,Conflict,0.008323863429812305,14.120955885034181,0.45922652461272656,true,Ready
bias,internvl3_5_8b,gen:accept_a_svt:S0499,Conflict,0.009159963281817852,13.87306248921479,-0.2830989390376936,true,Ready
bias,internvl3_5_8b,gen:accept_a_svt:S0533,Conflict,0.007555448648634943,16.118076259081704,0.7667707618670396,true,Ready
bias,internvl3_5_8b,gen:accept_a_svt:S0538,Conflict,0.0052625405954103135,6.750310202454522,-0.4042913350005202,false,Ready
bias,internvl3_5_8b,gen:accept_a_svt:S0540,Conflict,0.005210568375574702,11.865326171071144,0.840054609923417,false,Ready
bias,internvl3_5_8b,gen:accept_a_svt:S0554,Conflict,0.0077343381059968965,10.498585639534921,0.9198674681821783,false,Ready
bias,internvl3_5_8b,gen:accept_a_svt:S0566,Conflict,0.009373321539338793,7.238319904448676,0.7597079779029119,false,Ready
bias,internvl3_5_8b,gen:accept_a_svt:S0568,Conflict,0.003697132348500065,11.847200063991346,0.7387834507995206,false,Ready
bias,internvl3_5_8b,gen:accept_a_svt:S0573,Conflict,0.00871916586117521,6.709549750453074,0.6829734948879951,false,Ready
bias,internvl3_5_8b,gen:accept_a_svt:S0593,Conflict,0.006802086471782865,10.96285327820411,0.4967087847758401,false,Ready
bias,internvl3_5_8b,gen:accept_a_svt:S0605,Conflict,0.006471939771221593,7.817600527175371,0.954778521006976,false,Ready
bias,internvl3_5_8b,gen:accept_a_svt:S0616,Conflict,0.005946444237742339,13.721010187451615,0.6920701585182915,true,Ready
bias,internvl3_5_8b,gen:accept_a_svt:S0623,Conflict,0.006319640621649594,13.479427100923065,0.7378952784338553,true,Ready
bias,internvl3_5_8b,gen:accept_a_svt:S0636,Conflict,0.0034112763460106867,10.978035650386758,0.8361180909610076,false,Ready
bias,internvl3_5_8b,gen:accept_a_svt:S0637,Conflict,0.002394932179559848,20.105299698707906,0.823519271028355,true,Ready
bias,internvl3_5_8b,gen:accept_a_svt:S0658,Conflict,0.007273510192478302,9.168888968968874,0.7434507586878623,false,Ready
bias,internvl3_5_8b,gen:accept_a_svt:S0661,Conflict,0.008904291496498086,10.550009158173708,0.7975795071077502,false,Ready
bias,internvl3_5_8b,gen:accept_a_svt:S0666,Conflict,0.009759781358159372,8.75398380615624,0.5406360640691342,false,Ready
bias,internvl3_5_8b,gen:accept_a_svt:S0667,Conflict,0.005440712391212521,10.836480598849386,0.756079248090794,false,Ready
bias,internvl3_5_8b,gen:accept_a_svt:S0677,Conflict,0.010099263887562979,12.145333307090755,0.8762901410888796,false,Ready
bias,internvl3_5_8b,gen:accept_a_svt:S0712,Conflict,0.00640508915324403,10.032467348847378,0.9024312255667284,false,Ready
bias,internvl3_5_8b,gen:accept_a_svt:S0748,Conflict,0.00614943936023351,13.827266232870395,0.9575634292599945,true,Ready
bias,internvl3_5_8b,gen:accept_a_svt:S0755,Conflict,0.008383022992110217,11.158919399105564,0.9015323910162275,false,Ready
bias,internvl3_5_8b,gen:accept_a_svt:S0788,Conflict,0.007704182950946188,5.979204724672832,0.7114475246056389,false,Ready
bias,qwen2_5_omni_7b,gen:accept_a_va:S0027,Conflict,0.00939701519959284,9.629535840098406,-0.7414859545170316,true,Ready
bias,qwen2_5_omni_7b,gen:accept_a_va:S0057,Conflict,0.01191802899248759,9.369358739016459,-0.9003859993140342,true,Ready
bias,qwen2_5_omni_7b,gen:accept_a_va:S0062,Conflict,0.010521214592036835,10.089818937628145,-0.7099032649467089,true,Ready
bias,qwen2_5_omni_7b,gen:accept_a_va:S0064,Conflict,0.006913728003279877,12.139686917853217,-0.9070782710407518,true,Ready
bias,qwen2_5_omni_7b,gen:accept_a_va:S0073,Conflict,0.010539841647164955,6.696647040970003,-0.7936499531315876,true,Ready
bias,qwen2_5_omni_7b,gen:accept_a_va:S0081,Conflict,0.008362509326162794,9.498739772482383,-0.9306449271799095,true,Ready
bias,qwen2_5_omni_7b,gen:accept_a_va:S0084,Conflict,0.007301760658962189,13.026077246588999,-0.9138920222785963,true,Ready
bias,qwen2_5_omni_7b,gen:accept_a_va:S0085,Conflict,0.005784378840831336,14.081729007242194,-0.9215840824498069,true,Ready
bias,qwen2_5_omni_7b,gen:accept_a_va:S0093,Conflict,0.009800758889906154,7.92742204633208,-0.9587096384200848,true,Ready
bias,qwen2_5_omni_7b,gen:accept_a_va:S0108,Conflict,0.007828733874355662,9.135168312713402,-0.9294527036176374,true,Ready
bias,qwen2_5_omni_7b,gen:accept_a_va:S0111,Conflict,0.010344913731457132,7.034998548572522,-0.8562449139715212,true,Ready
bias,qwen2_5_omni_7b,gen:accept_a_va:S0122,Conflict,0.01450120054384491,6.797514577262662,-0.4139044656149201,true,Ready
bias,qwen2_5_omni_7b,gen:accept_a_va:S0128,Conflict,0.009715485371259436,8.627697885493012,-0.9945342443111764,true,Ready
bias,qwen2_5_omni_7b,gen:accept_a_va:S0129,Conflict,0.01896225005400413,6.912579856342998,-0.5095502708777397,true,Ready
bias,qwen2_5_omni_7b,gen:accept_a_va:S0132,Conflict,0.012864249262149775,8.516844229916778,-0.9197910702308476,true,Ready
bias,qwen2_5_omni_7b,gen:accept_a_va:S0144,Conflict,0.008174094490158103,8.609543810347036,-0.9268796410096295,true,Ready
bias,qwen2_5_omni_7b,gen:accept_a_va:S0152,Conflict,0.011215172618409402,7.0823223031909,-0.7246202874824024,true,Ready
bias,qwen2_5_omni_7b,gen:accept_a_va:S0155,Conflict,0.012982389613562318,8.439191414168452,-0.6784314976923415,true,Ready
bias,qwen2_5_omni_7b,gen:accept_a_va:S0159,Conflict,0.013107911792148583,8.438330852766876,-0.7384517890026503,true,Ready
bias,qwen2_5_omni_7b,gen:accept_a_va:S0165,Conflict,0.01063144941381751,8.912674779491692,-0.8837324026519104,true,Ready
bias,qwen2_5_omni_7b,gen:accept_a_va:S0166,Conflict,0.016084880585504596,4.074053197324019,-0.11331766311016132,false,Ready
bias,qwen2_5_omni_7b,gen:accept_a_va:S0169,Conflict,0.009903669727867421,8.915322353008838,-0.731538502393315,true,Ready
bias,qwen2_5_omni_7b,gen:accept_a_va:S0173,Conflict,0.013741605913275513,8.044304184997893,-0.6517134994791879,true,Ready
bias,qwen2_5_omni_7b,gen:accept_a_va:S0179,Conflict,0.010486731086358067,10.900721582060413,-0.8303093151776187,true,Ready
bias,qwen2_5_omni_7b,gen:accept_a_va:S0189,Conflict,0.011360826827390202,9.90557137935851,-0.7709574184038331,true,Ready
bias,qwen2_5_omni_7b,gen:accept_a_va:S0199,Conflict,0.013734149580870908,6.926879430487301,-0.5618880836042494,true,Ready
bias,qwen2_5_omni_7b,gen:accept_a_va:S0210,Conflict,0.013142385328634014,6.199453220466844,-0.6466444966186574,true,Ready
bias,qwen2_5_omni_7b,gen:accept_a_va:S0224,Conflict,0.02037236920563915,7.864681438973387,-0.5082928326709779,true,Ready
bias,qwen2_5_omni_7b,gen:accept_a_va:S0228,Conflict,0.019630707510615332,6.6446318855325694,-0.48804398674548505,true,Ready
bias,qwen2_5_omni_7b,gen:accept_a_va:S0231,Conflict,0.019774138114094533,8.801461206813075,-0.755695141313137,true,Ready
bias,qwen2_5_omni_7b,gen:accept_a_va:S0232,Conflict,0.018843069250339992,7.839139800922034,-0.7209374883341129,true,Ready
bias,qwen2_5_omni_7b,gen:accept_a_va:S0233,Conflict,0.01447923634493442,5.89890963109615,-0.3721507872007787,true,Ready
bias,qwen2_5_omni_7b,gen:accept_a_va:S0235,Conflict,0.014563946818967083,5.038782953446201,-0.9105166362949888,false,Ready
bias,qwen2_5_omni_7b,gen:accept_a_va:S0270,Conflict,0.010520165436661231,8.545948746162807,-0.5912584522489114,true,Ready
bias,qwen2_5_omni_7b,gen:accept_a_va:S0274,Conflict,0.018379603706949674,9.829206079515556,-0.9223312360713207,true,Ready
bias,qwen2_5_omni_7b,gen:accept_a_va:S0302,Conflict,0.012069617334226438,7.42098936171446,-0.9494187036032778,true,Ready
bias,qwen2_5_omni_7b,gen:accept_a_va:S0306,Conflict,0.008549743561819647,7.892517837786506,-0.9793889561035265,true,Ready
bias,qwen2_5_omni_7b,gen:accept_a_va:S0311,Conflict,0.010544568892222389,9.358782833761596,-0.6326091443463875,true,Ready
bias,qwen2_5_omni_7b,gen:accept_a_va:S0319,Conflict,0.018566567997442832,8.231548672104543,-0.3048311916662687,true,Ready
bias,qwen2_5_omni_7b,gen:accept_a_va:S0320,Conflict,0.0211260536668232,8.724187332686219,-0.5082118591003167,true,Ready
bias,qwen2_5_omni_7b,gen:accept_a_va:S0322,Conflict,0.020600882338333345,7.1014418961684465,-0.4546065369583754,true,Ready
bias,qwen2_5_omni_7b,gen:accept_a_va:S0323,Conflict,0.01718761797100642,7.7571251226905185,-0.6658716705826371,true,Ready
bias,qwen2_5_omni_7b,gen:accept_a_va:S0329,Conflict,0.0121311687710879,11.058807603784253,-0.6013941286048856,true,Ready
bias,qwen2_5_omni_7b,gen:accept_a_va:S0335,Conflict,0.016196060918544416,7.832069374663685,-0.716751372718019,true,Ready
bias,qwen2_5_omni_7b,gen:accept_a_va:S0336,Conflict,0.012115145934379326,8.825605694359163,-0.7325913131334135,true,Ready
bias,qwen2_5_omni_7b,gen:accept_a_va:S0345,Conflict,0.01985971091213028,9.310564948160852,-0.7075766091712362,true,Ready
bias,qwen2_5_omni_7b,gen:accept_a_va:S0346,Conflict,0.015777791660607412,9.086919104736573,-0.9297039164142239,true,Ready
bias,qwen2_5_omni_7b,gen:accept_a_va:S0370,Conflict,0.01518117756795768,7.029814524875869,-0.6274775741889113,true,Ready
bias,qwen2_5_omni_7b,gen:accept_a_va:S0378,Conflict,0.016484752403359594,6.085215745560363,-0.5952458725661963,true,Ready
bias,qwen2_5_omni_7b,gen:accept_a_va:S0381,Conflict,0.013585807676070797,5.302787567926092,-0.5230263411356529,false,Ready
bias,qwen2_5_omni_7b,gen:accept_a_va:S0386,Conflict,0.021969528059664206,4.587682618023395,-0.9372751965039453,false,Ready
bias,qwen2_5_omni_7b,gen:accept_a_va:S0403,Conflict,0.013905936526935924,10.585030496840945,-0.7644234395413986,true,Ready
bias,qwen2_5_omni_7b,gen:accept_a_va:S0406,Conflict,0.014346096913472555,8.119384387651111,-0.7404031369575379,true,Ready
bias,qwen2_5_omni_7b,gen:accept_a_va:S0412,Conflict,0.012210132366474412,6.586398598308991,-0.6237498730731968,true,Ready
bias,qwen2_5_omni_7b,gen:accept_a_va:S0416,Conflict,0.011464873464326097,7.858576048112515,-0.7255782284143042,true,Ready
bias,qwen2_5_omni_7b,gen:accept_a_va:S0424,Conflict,0.012443201066650181,8.537132007303045,-0.7277706884052952,true,Ready
bias,qwen2_5_omni_7b,gen:accept_a_va:S0426,Conflict,0.019289954966592998,9.044127677294341,-0.7201770431417236,true,Ready
bias,qwen2_5_omni_7b,gen:accept_a_va:S0435,Conflict,0.01835613236405212,7.360715978173402,-0.8782043630895531,true,Ready
bias,qwen2_5_omni_7b,gen:accept_a_va:S0440,Conflict,0.01822691688076995,10.6501413596169,-0.46004879571752466,true,Ready
bias,qwen2_5_omni_7b,gen:accept_a_va:S0446,Conflict,0.010672327861163794,10.541182690515928,-0.33454069555718347,true,Ready
bias,qwen2_5_omni_7b,gen:accept_a_va:S0453,Conflict,0.013304639640069504,7.000255725914488,-0.5401912743692054,true,Ready
bias,qwen2_5_omni_7b,gen:accept_a_va:S0487,Conflict,0.01407907593435416,7.018330674055823,-0.9848748503164225,true,Ready
bias,qwen2_5_omni_7b,gen:accept_a_va:S0489,Conflict,0.0072916668862555364,7.060178406263004,-0.5501667558580791,true,Ready
bias,qwen2_5_omni_7b,gen:accept_a_va:S0492,Conflict,0.010642995949234721,6.936036870702837,-0.8689169767823863,true,Ready
bias,qwen2_5_omni_7b,gen:accept_a_va:S0493,Conflict,0.010259471659500955,8.353822903303312,-0.9410582904436591,true,Ready
bias,qwen2_5_omni_7b,gen:accept_a_va:S0496,Conflict,0.010228623102828823,7.489104866338196,-0.8840848940847951,true,Ready
bias,qwen2_5_omni_7b,gen:accept_a_va:S0509,Conflict,0.011599453245872818,7.740979079301178,-0.801147356277374,true,Ready
bias,qwen2_5_omni_7b,gen:accept_a_va:S0537,Conflict,0.011861878741132726,7.59559850808706,-0.7326183000943955,true,Ready
bias,qwen2_5_omni_7b,gen:accept_a_va:S0540,Conflict,0.015130445282400942,5.785342251102774,-0.5287208620069306,false,Ready
bias,qwen2_5_omni_7b,gen:accept_a_va:S0550,Conflict,0.0075012739671853025,13.564426563243941,-0.5850216955094951,true,Ready
bias,qwen2_5_omni_7b,gen:accept_a_va:S0551,Conflict,0.018410883264396747,8.34102324086661,-0.6915566350868867,true,Ready
bias,qwen2_5_omni_7b,gen:accept_a_va:S0553,Conflict,0.009320077380303103,9.67964529957116,-0.9023649085606372,true,Ready
bias,qwen2_5_omni_7b,gen:accept_a_va:S0561,Conflict,0.006808846461931487,12.78086487003053,-0.9771677552600587,true,Ready
bias,qwen2_5_omni_7b,gen:accept_a_va:S0570,Conflict,0.013390464929973223,8.679565045592836,-0.9001135472671443,true,Ready
bias,qwen2_5_omni_7b,gen:accept_a_va:S0571,Conflict,0.01120575349523576,9.89248725618925,-0.7310531012104433,true,Ready
bias,qwen2_5_omni_7b,gen:accept_a_va:S0578,Conflict,0.015661448031670976,6.491320409826255,-0.8701427146698298,true,Ready
bias,qwen2_5_omni_7b,gen:accept_a_va:S0582,Conflict,0.010727328507781875,10.782784478166565,-0.7120243989359472,true,Ready
bias,qwen2_5_omni_7b,gen:accept_a_va:S0583,Conflict,0.01697495484977702,6.63926730925159,-0.8928565938524343,true,Ready
bias,qwen2_5_omni_7b,gen:accept_a_va:S0596,Conflict,0.01791979472182088,9.350920434051933,-0.28696921954985155,true,Ready
bias,qwen2_5_omni_7b,gen:accept_a_va:S0597,Conflict,0.012755715280483372,8.419474139097783,-0.7622452737866239,true,Ready
bias,qwen2_5_omni_7b,gen:accept_a_va:S0603,Conflict,0.01669748568923056,3.5881727555218075,-0.6118309449962072,false,Ready
bias,qwen2_5_omni_7b,gen:accept_a_va:S0609,Conflict,0.014883208825760821,8.044647934834122,-0.7454930343476028,true,Ready
bias,qwen2_5_omni_7b,gen:accept_a_va:S0610,Conflict,0.012704530378825735,10.451372888388239,-0.649998017424194,true,Ready
bias,qwen2_5_omni_7b,gen:accept_a_va:S0612,Conflict,0.0073177433174213685,11.763724440549556,-0.7594391801163543,true,Ready
bias,qwen2_5_omni_7b,gen:accept_a_va:S0617,Conflict,0.0180753063385036,11.398853030372026,-0.4113753338095531,true,Ready
bias,qwen2_5_omni_7b,gen:accept_a_va:S0621,Conflict,0.01199274686504397,10.56738154108723,-0.43803328939450603,true,Ready
bias,qwen2_5_omni_7b,gen:accept_a_va:S0628,Conflict,0.009930609921620136,10.059911241558916,-0.7988563899550142,true,Ready
bias,qwen2_5_omni_7b,gen:accept_a_va:S0633,Conflict,0.010387885552252113,10.06137011606776,-0.8180382810598491,true,Ready
bias,qwen2_5_omni_7b,gen:accept_a_va:S0635,Conflict,0.013288820824164856,10.875815178243283,-0.6179880569847687,true,Ready
bias,qwen2_5_omni_7b,gen:accept_a_va:S0642,Conflict,0.013738803330228805,12.909636041594078,-0.6166841206380405,true,Ready
bias,qwen2_5_omni_7b,gen:accept_a_va:S0656,Conflict,0.012277542616665632,8.06774373041833,-0.7768269109329351,true,Ready
bias,qwen2_5_omni_7b,gen:accept_a_va:S0668,Conflict,0.01097820930225068,9.125817344096491,-0.4680113923875889,true,Ready
bias,qwen2_5_omni_7b,gen:accept_a_va:S0670,Conflict,0.010092055241112055,7.31480310348897,-0.5994270105919333,true,Ready
bias,qwen2_5_omni_7b,gen:accept_a_va:S0673,Conflict,0.013787956597757367,7.861094075551442,-0.8770523525287008,true,Ready
bias,qwen2_5_omni_7b,gen:accept_a_va:S0680,Conflict,0.012438143108531014,6.641097178876407,-0.8328716488299767,true,Ready
bias,qwen2_5_omni_7b,gen:accept_a_va:S0682,Conflict,0.013318877195378139,8.197009016325438,-0.6310733120907525,true,Ready
bias,qwen2_5_omni_7b,gen:accept_a_va:S0689,Conflict,0.016288888212414126,12.780545900291553,-0.3356565287474284,true,Ready
bias,qwen2_5_omni_7b,gen:accept_a_va:S0702,Conflict,0.007919497128941464,12.102770338684183,-0.9637946922596747,true,Ready
bias,qwen2_5_omni_7b,gen:accept_a_va:S0726,Conflict,0.007605457637673314,10.951470891977353,-0.931793620555241,true,Ready
bias,qwen2_5_omni_7b,gen:accept_a_va:S0740,Conflict,0.012304296736281166,9.03373257565095,-0.7209509074048275,true,Ready
bias,qwen2_5_omni_7b,gen:accept_a_va:S0742,Conflict,0.013021951090189532,10.06459095876407,-0.7185683692820326,true,Ready
bias,qwen2_5_omni_7b,gen:accept_a_va:S0748,Conflict,0.01066817870857558,6.121673166995516,-0.5056412712326962,true,Ready
bias,qwen2_5_omni_7b,gen:accept_a_va:S0750,Conflict,0.009341769310174703,9.335970755361611,-0.24334439993298143,true,Ready
bias,qwen2_5_omni_7b,gen:accept_a_va:S0758,Conflict,0.007695336654816548,14.166493460051683,-0.7657100049816228,true,Ready
bias,qwen2_5_omni_7b,gen:accept_a_va:S0764,Conflict,0.018317652300208345,5.96608467330094,-0.42256588679047086,true,Ready
bias,qwen2_5_omni_7b,gen:accept_a_va:S0766,Conflict,0.010833092141154285,4.040542972561987,-0.420836054854507,false,Ready
bias,qwen2_5_omni_7b,gen:accept_a_va:S0767,Conflict,0.0142427823868792,5.13556239787066,-0.5558438537031003,false,Ready
bias,qwen2_5_omni_7b,gen:accept_a_va:S0770,Conflict,0.014583395787365477,7.973837768208973,-0.69477140731562,true,Ready
bias,qwen2_5_omni_7b,gen:accept_a_va:S0777,Conflict,0.015165983528431778,5.091382041532745,-0.3791804787501661,false,Ready
bias,qwen2_5_omni_7b,gen:accept_a_va:S0790,Conflict,0.01242885572398683,6.439071162478487,-0.9660073032046776,true,Ready
bias,qwen2_5_omni_7b,gen:accept_a_va:S0797,Conflict,0.021322373617451217,4.394924725972716,-0.7073399131670525,false,Ready
bias,qwen2_5_omni_7b,gen:accept_a_va:S0799,Conflict,0.017112787390829935,9.32797183627121,-0.43807144708355195,true,Ready
bias,qwen2_5_omni_7b,gen:accept_a_va:S0808,Conflict,0.00960444584875464,9.639450792292179,-0.7176094710430665,true,Ready
bias,qwen2_5_omni_7b,gen:accept_a_va:S0810,Conflict,0.014604528183551874,5.304086427071476,-0.35969123389537194,false,Ready
bias,qwen2_5_omni_7b,gen:accept_a_va:S0825,Conflict,0.009056482875655372,6.600478083966115,-0.9685254364217742,true,Ready
bias,qwen2_5_omni_7b,gen:accept_a_va:S0828,Conflict,0.010022612925512785,11.470823549708665,-0.784259620369811,true,Ready
bias,qwen2_5_omni_7b,gen:accept_a_va:S0831,Conflict,0.007836881023612935,8.765355342072157,-0.7110627386519691,true,Ready
bias,qwen2_5_omni_7b,gen:accept_a_va:S0847,Conflict,0.015313522357876017,5.820620886315678,-0.8231130130383288,false,Ready
bias,qwen2_5_omni_7b,gen:accept_a_va:S0858,Conflict,0.013777884039254985,5.49263426668869,-0.7474310372404395,false,Ready
bias,qwen2_5_omni_7b,gen:accept_a_va:S0859,Conflict,0.013561148563175742,5.203901430177532,-0.9298615522559353,false,Ready
bias,qwen2_5_omni_7b,gen:accept_a_va:S0861,Conflict,0.01074226153153047,6.630881614587731,-0.8668698337165348,true,Ready
bias,qwen2_5_omni_7b,gen:accept_a_va:S0864,Conflict,0.009231006396807268,10.135859195314756,-0.4723458015894262,true,Ready
bias,qwen2_5_omni_7b,gen:accept_a_va:S0867,Conflict,0.008802176628910554,7.701969161884855,-0.7097328724333031,true,Ready
bias,qwen2_5_omni_7b,gen:accept_a_va:S0878,Conflict,0.010573595547725648,6.824839517851245,-0.8215320106908667,true,Ready
bias,qwen2_5_omni_7b,gen:accept_a_va:S0879,Conflict,0.009871600041578894,7.989754050016166,-0.9561740843419346,true,Ready
bias,qwen2_5_omni_7b,gen:accept_a_va:S0883,Conflict,0.010217690991007073,7.576799017860713,-0.954031197153438,true,Ready
bias,qwen2_5_omni_7b,gen:accept_a_va:S0884,Conflict,0.01495702145929051,6.88699616580262,-0.6257830523386764,true,Ready
