sample_id,model,sample_type,S,D,R,stable,direction_emphasized,lean
gen:accept_a_svt:S0035,qwen3_vl_8b,Conflict,0.0024495633315228284,15.265186727419461,0.9314608638690798,true,true,V
gen:accept_a_svt:S0040,qwen3_vl_8b,Conflict,0.0027914858001089095,14.745207610021613,0.9399873739089576,true,true,V
gen:accept_a_svt:S0126,qwen3_vl_8b,Conflict,0.006760884520462188,11.96435832374307,0.9543631398314898,true,false,V
gen:accept_a_svt:S0168,qwen3_vl_8b,Conflict,0.0055059478562338345,9.73553536569942,0.18932322895019635,true,false,V
gen:accept_a_svt:S0174,qwen3_vl_8b,Conflict,0.0030750293881830677,14.292217721252666,0.9196890612463302,true,true,V
gen:accept_a_svt:S0175,qwen3_vl_8b,Conflict,0.005350742616868759,10.302692500872501,0.990603741594732,true,false,V
gen:accept_a_svt:S0177,qwen3_vl_8b,Conflict,0.00351862626998182,13.01803306723719,0.9911380019550313,true,true,V
gen:accept_a_svt:S0193,qwen3_vl_8b,Conflict,0.004099667555070595,13.594809232817399,0.98514663148247,true,true,V
gen:accept_a_svt:S0221,qwen3_vl_8b,Conflict,0.00606916844488293,8.836583067936328,0.6065967764825378,true,false,V
gen:accept_a_svt:S0233,qwen3_vl_8b,Conflict,0.0053269292487492905,10.651829645462112,0.9531287186337603,true,false,V
gen:accept_a_svt:S0235,qwen3_vl_8b,Conflict,0.002999082468249658,12.584082182283337,0.972335770117132,true,true,V
gen:accept_a_svt:S0238,qwen3_vl_8b,Conflict,0.006055704052371369,8.98330384285667,0.8090143458195336,true,false,V
gen:accept_a_svt:S0245,qwen3_vl_8b,Conflict,0.003695196400423243,12.066013829230494,0.95234166725291,true,true,V
gen:accept_a_svt:S0247,qwen3_vl_8b,Conflict,0.0032850009744426942,13.667390320755043,0.9708811666559002,true,true,V
gen:accept_a_svt:S0305,qwen3_vl_8b,Conflict,0.004564499836839267,9.963212868890787,0.9248451693084777,true,false,V
gen:accept_a_svt:S0307,qwen3_vl_8b,Conflict,0.004722268730930213,9.351416946345966,0.9940345675668094,true,false,V
gen:accept_a_svt:S0313,qwen3_vl_8b,Conflict,0.004515885520737375,7.469605493170576,0.7027314376933615,true,false,V
gen:accept_a_svt:S0329,qwen3_vl_8b,Conflict,0.003434260434557365,8.636682446535215,0.8160559211988687,true,false,V
gen:accept_a_svt:S0331,qwen3_vl_8b,Conflict,0.003360987083019537,14.204772576876989,-0.6150455461679282,true,true,T/A
gen:accept_a_svt:S0342,qwen3_vl_8b,Conflict,0.005566057413687619,8.835606049334048,0.8974200606128746,true,false,V
gen:accept_a_svt:S0355,qwen3_vl_8b,Conflict,0.007644493694840233,17.301198303245137,0.9812552929829276,true,true,V
gen:accept_a_svt:S0362,qwen3_vl_8b,Conflict,0.008267054272990407,9.618242189645096,0.5640651315961647,true,false,V
gen:accept_a_svt:S0364,qwen3_vl_8b,Conflict,0.005678278113297157,7.7423307428816015,0.549798168206768,true,false,V
gen:accept_a_svt:S0373,qwen3_vl_8b,Conflict,0.004520194566865268,15.516350656488749,0.953554339828005,true,true,V
gen:accept_a_svt:S0375,qwen3_vl_8b,Conflict,0.007014938339400335,9.273454258339427,0.6559683731102791,true,false,V
gen:accept_a_svt:S0393,qwen3_vl_8b,Conflict,0.006214075076185349,21.699012724273498,0.8970334916112227,true,true,V
gen:accept_a_svt:S0412,qwen3_vl_8b,Conflict,0.006035967805013966,11.85878745248045,0.8590885021637202,true,false,V
gen:accept_a_svt:S0423,qwen3_vl_8b,Conflict,0.004867570423960051,9.98636541944206,0.2852763963183629,true,false,V
gen:accept_a_svt:S0424,qwen3_vl_8b,Conflict,0.00796537302789283,9.783056508843124,0.043423594816968496,true,false,V
gen:accept_a_svt:S0426,qwen3_vl_8b,Conflict,0.006686233725676759,12.363656754352215,0.7526231908571969,true,true,V
gen:accept_a_svt:S0429,qwen3_vl_8b,Conflict,0.007622316888238944,11.841165330692325,0.22587390388020406,true,false,V
gen:accept_a_svt:S0432,qwen3_vl_8b,Conflict,0.007284475319468987,10.6324984519788,0.8949897816133227,true,false,V
gen:accept_a_svt:S0443,qwen3_vl_8b,Conflict,0.004798369463444481,13.703373599306156,0.11069998002167637,true,true,V
gen:accept_a_svt:S0444,qwen3_vl_8b,Conflict,0.007994016078846351,12.467173264710896,0.6591259697504863,true,true,V
gen:accept_a_svt:S0448,qwen3_vl_8b,Conflict,0.004491094648044155,13.394858531384427,0.2654332822268175,true,true,V
gen:accept_a_svt:S0449,qwen3_vl_8b,Conflict,0.005606722199825835,10.744069040330302,0.3214466517932613,true,false,V
gen:accept_a_svt:S0467,qwen3_vl_8b,Conflict,0.004836118618456667,6.680676300428379,0.487626007781465,true,false,V
gen:accept_a_svt:S0470,qwen3_vl_8b,Conflict,0.007289294058953168,9.54869764937574,0.2615685956069708,true,false,V
gen:accept_a_svt:S0484,qwen3_vl_8b,Conflict,0.004512821194080522,11.82689755478923,0.9379981075440935,true,false,V
gen:accept_a_svt:S0486,qwen3_vl_8b,Conflict,0.0034922983063464448,11.520508626751191,0.9697835609904825,true,false,V
gen:accept_a_svt:S0499,qwen3_vl_8b,Conflict,0.006209423893593083,10.920446476830072,0.6717686683421907,true,false,V
gen:accept_a_svt:S0506,qwen3_vl_8b,Conflict,0.0058511380854960925,10.342870503579656,0.8798992112412262,true,false,V
gen:accept_a_svt:S0533,qwen3_vl_8b,Conflict,0.005229384025787739,8.937874805760195,0.7784158522567165,true,false,V
gen:accept_a_svt:S0538,qwen3_vl_8b,Conflict,0.00510381082090329,10.407561710390734,-0.14859964266253636,true,false,T/A
gen:accept_a_svt:S0540,qwen3_vl_8b,Conflict,0.007567382524054342,8.327194719283002,0.9376031357021222,true,false,V
gen:accept_a_svt:S0551,qwen3_vl_8b,Conflict,0.00704435768259187,9.08605032652807,0.9330112164746768,true,false,V
gen:accept_a_svt:S0558,qwen3_vl_8b,Conflict,0.008231867011992458,7.254505104735168,0.8564122023460304,true,false,V
gen:accept_a_svt:S0566,qwen3_vl_8b,Conflict,0.006115409258851877,8.263785800749284,0.7456104112744508,true,false,V
gen:accept_a_svt:S0568,qwen3_vl_8b,Conflict,0.0073172704572641535,6.653810721621823,0.8991025610115467,true,false,V
gen:accept_a_svt:S0593,qwen3_vl_8b,Conflict,0.007855980350875785,11.000982039406118,0.3533512936021792,true,false,V
gen:accept_a_svt:S0598,qwen3_vl_8b,Conflict,0.004469058432265299,10.729794268968211,0.9554258514056837,true,false,V
gen:accept_a_svt:S0605,qwen3_vl_8b,Conflict,0.007135860578458126,7.455150986971361,0.9387922900213059,true,false,V
gen:accept_a_svt:S0611,qwen3_vl_8b,Conflict,0.008328065258183316,7.787373700669514,0.9169506966360134,true,false,V
gen:accept_a_svt:S0616,qwen3_vl_8b,Conflict,0.007057005306515537,7.905112764739428,0.879816117893438,true,false,V
gen:accept_a_svt:S0636,qwen3_vl_8b,Conflict,0.00722305088675172,10.744342469356912,0.8648449388042314,true,false,V
gen:accept_a_svt:S0637,qwen3_vl_8b,Conflict,0.007195494321843396,6.6905195353261,0.9211550995540688,true,false,V
gen:accept_a_svt:S0656,qwen3_vl_8b,Conflict,0.005819787736575376,9.151884506700071,0.9392489759807068,true,false,V
gen:accept_a_svt:S0658,qwen3_vl_8b,Conflict,0.007966877101255163,8.935704838070711,0.8594032237535728,true,false,V
gen:accept_a_svt:S0661,qwen3_vl_8b,Conflict,0.00496121560456846,10.338595008460917,0.9449370331112665,true,false,V
gen:accept_a_svt:S0667,qwen3_vl_8b,Conflict,0.006366817900697368,8.890026254953636,0.9416690672676875,true,false,V
gen:accept_a_svt:S0677,qwen3_vl_8b,Conflict,0.005961924640508855,8.718074372951863,0.8444193607259466,true,false,V
gen:accept_a_svt:S0748,qwen3_vl_8b,Conflict,0.007849478141073231,9.485720228432653,0.9391389886684598,true,false,V
gen:accept_a_svt:S0762,qwen3_vl_8b,Conflict,0.008056722922731165,10.710934799145454,0.9167642257336556,true,false,V
gen:accept_c_svt:S0014,qwen3_vl_8b,Aligned,0.002407027221287004,8.52336797556315,-0.16420300605455046,true,false,T/A
gen:accept_c_svt:S0016,qwen3_vl_8b,Aligned,0.002038774064226831,5.868681480320201,-0.5191841493677479,true,false,T/A
gen:accept_c_svt:S0017,qwen3_vl_8b,Aligned,0.004363846954264211,8.637111665463868,-0.8704786250653792,true,false,T/A
gen:accept_c_svt:S0022,qwen3_vl_8b,Aligned,0.002442652017082336,5.162241552783653,-0.7186201860023821,true,false,T/A
gen:accept_c_svt:S0027,qwen3_vl_8b,Aligned,0.003264941875451375,3.8772043962152707,-0.6188414452771777,true,false,T/A
gen:accept_c_svt:S0042,qwen3_vl_8b,Aligned,0.0029723518560960498,5.9834688586136116,-0.8969974072335937,true,false,T/A
gen:accept_c_svt:S0043,qwen3_vl_8b,Aligned,0.0029050696683864965,8.467769678234726,-0.9156462071361273,true,false,T/A
gen:accept_c_svt:S0054,qwen3_vl_8b,Aligned,0.004171173754644534,7.090367425171061,-0.11998999020838595,true,false,T/A
gen:accept_c_svt:S0057,qwen3_vl_8b,Aligned,0.005408399926077404,4.832929939474553,-0.8041840372951076,true,false,T/A
gen:accept_c_svt:S0064,qwen3_vl_8b,Aligned,0.0022682133500424063,3.1632827382220805,-0.6273545956069926,true,false,T/A
gen:accept_c_svt:S0067,qwen3_vl_8b,Aligned,0.004313187631174081,3.306690556033374,-0.6948008926899523,true,false,T/A
gen:accept_c_svt:S0068,qwen3_vl_8b,Aligned,0.0024657725051264283,2.147152537396336,-0.11921283046061718,true,false,T/A
gen:accept_c_svt:S0075,qwen3_vl_8b,Aligned,0.0036395074849125985,2.491754820671348,-0.36204969563651185,true,false,T/A
gen:accept_c_svt:S0084,qwen3_vl_8b,Aligned,0.004459167186115309,7.479227171486985,-0.8730508777873809,true,false,T/A
gen:accept_c_svt:S0086,qwen3_vl_8b,Aligned,0.0045571737540595425,9.445397562548704,-0.060237218959584886,true,false,T/A
gen:accept_c_svt:S0093,qwen3_vl_8b,Aligned,0.0037217132806037253,7.432306702901296,-0.5752881606305004,true,false,T/A
gen:accept_c_svt:S0094,qwen3_vl_8b,Aligned,0.005045489877353562,10.746588528888463,0.8751644341707472,true,false,V
gen:accept_c_svt:S0095,qwen3_vl_8b,Aligned,0.00567965006213382,6.151185694630065,-0.8786741167479724,true,false,T/A
gen:accept_c_svt:S0096,qwen3_vl_8b,Aligned,0.004874278511595452,6.9263064294970595,-0.871350380835069,true,false,T/A
gen:accept_c_svt:S0100,qwen3_vl_8b,Aligned,0.0045933996867187025,4.968554804984392,-0.8693143425488877,true,false,T/A
gen:accept_c_svt:S0114,qwen3_vl_8b,Aligned,0.004081454718844665,6.536244936166446,-0.8969658284289797,true,false,T/A
gen:accept_c_svt:S0116,qwen3_vl_8b,Aligned,0.003031237732412108,5.528369955673847,-0.23774014111279856,true,false,T/A
gen:accept_c_svt:S0119,qwen3_vl_8b,Aligned,0.0018755187904459444,5.941436315613958,-0.8818976848110174,true,false,T/A
gen:accept_c_svt:S0120,qwen3_vl_8b,Aligned,0.00283840523012866,6.3842297100557035,-0.5995940163168322,true,false,T/A
gen:accept_c_svt:S0124,qwen3_vl_8b,Aligned,0.004716057309074021,4.721467371342621,-0.2031646634417955,true,false,T/A
gen:accept_c_svt:S0127,qwen3_vl_8b,Aligned,0.0037650640028473632,4.11472639754281,-0.20085190707329112,true,false,T/A
gen:accept_c_svt:S0139,qwen3_vl_8b,Aligned,0.007981319191762285,3.0684698135353297,-0.08905766857293188,true,false,T/A
gen:accept_c_svt:S0148,qwen3_vl_8b,Aligned,0.004214740067097638,10.58249308123545,-0.6323405040479955,true,false,T/A
gen:accept_c_svt:S0154,qwen3_vl_8b,Aligned,0.003348584398676307,3.0491900136056493,-0.9528173278668792,true,false,T/A
gen:accept_c_svt:S0167,qwen3_vl_8b,Aligned,0.0017246420458894574,9.079305598328046,-0.8914853007940265,true,false,T/A
gen:accept_c_svt:S0169,qwen3_vl_8b,Aligned,0.002061958726101872,6.683755242361875,-0.9041739601972243,true,false,T/A
gen:accept_c_svt:S0173,qwen3_vl_8b,Aligned,0.0028574632874638754,6.190876715073962,-0.910486197753584,true,false,T/A
gen:accept_c_svt:S0179,qwen3_vl_8b,Aligned,0.001891591899752604,7.211942664026228,-0.9609903339404242,true,false,T/A
gen:accept_c_svt:S0180,qwen3_vl_8b,Aligned,0.0035687548058293606,7.860191240795655,-0.6416085909301302,true,false,T/A
gen:accept_c_svt:S0183,qwen3_vl_8b,Aligned,0.0024698928887119595,4.409514686686346,-0.8238670852971739,true,false,T/A
gen:accept_c_svt:S0190,qwen3_vl_8b,Aligned,0.0026735757154679493,6.377869716313267,-0.909996486330086,true,false,T/A
gen:accept_c_svt:S0192,qwen3_vl_8b,Aligned,0.0026299372354021363,9.817407775111228,-0.9405109544445905,true,false,T/A
gen:accept_c_svt:S0201,qwen3_vl_8b,Aligned,0.002147286104368691,8.615686827845757,-0.8941889744648939,true,false,T/A
gen:accept_c_svt:S0202,qwen3_vl_8b,Aligned,0.0027332621383283975,6.279741829739443,-0.7923233922020566,true,false,T/A
gen:accept_c_svt:S0204,qwen3_vl_8b,Aligned,0.0033648293854779666,6.920666572613158,-0.5456789125071513,true,false,T/A
gen:accept_c_svt:S0208,qwen3_vl_8b,Aligned,0.0027592468400685737,9.10971178456511,-0.8496444568264069,true,false,T/A
gen:accept_c_svt:S0217,qwen3_vl_8b,Aligned,0.002966268936844291,6.490133158741786,-0.805100360917471,true,false,T/A
gen:accept_c_svt:S0232,qwen3_vl_8b,Aligned,0.005300981303757314,6.169131016813469,0.2278219269270766,true,false,V
gen:accept_c_svt:S0256,qwen3_vl_8b,Aligned,0.004567859546847463,7.383068401894483,0.014550840065297036,true,false,V
gen:accept_c_svt:S0265,qwen3_vl_8b,Aligned,0.004687878765888802,4.1020724756247215,-0.9587890713376568,true,false,T/A
gen:accept_c_svt:S0277,qwen3_vl_8b,Aligned,0.0033898283040734354,6.510550571849573,-0.8496347432556385,true,false,T/A
gen:accept_c_svt:S0284,qwen3_vl_8b,Aligned,0.003877484323968975,5.970136948136403,-0.6788715157974166,true,false,T/A
gen:accept_c_svt:S0286,qwen3_vl_8b,Aligned,0.007680909526026351,5.454889492098292,-0.22652534399072216,true,false,T/A
gen:accept_c_svt:S0287,qwen3_vl_8b,Aligned,0.005167980407984366,10.04453867740885,-0.3620938992553503,true,false,T/A
gen:accept_c_svt:S0292,qwen3_vl_8b,Aligned,0.005402506232879221,5.268477934559355,-0.6269039557987807,true,false,T/A
gen:accept_c_svt:S0296,qwen3_vl_8b,Aligned,0.003040162964151964,7.390039756876277,-0.7133835603896316,true,false,T/A
gen:accept_c_svt:S0304,qwen3_vl_8b,Aligned,0.004029081555564626,7.804894311389794,-0.5623730944718373,true,false,T/A
gen:accept_c_svt:S0305,qwen3_vl_8b,Aligned,0.004221880930427884,5.068871387599485,-0.6311157684763316,true,false,T/A
gen:accept_c_svt:S0307,qwen3_vl_8b,Aligned,0.004747009757856947,6.965445802988958,-0.4388163995342351,true,false,T/A
gen:accept_c_svt:S0311,qwen3_vl_8b,Aligned,0.0034194967923399516,5.371888644243105,-0.6908699669308005,true,false,T/A
gen:accept_c_svt:S0314,qwen3_vl_8b,Aligned,0.008252521823106422,7.447597927878026,-0.4736018345200342,true,false,T/A
gen:accept_c_svt:S0317,qwen3_vl_8b,Aligned,0.00500630017545222,6.6052567500708905,0.02541460065156232,true,false,V
gen:accept_c_svt:S0324,qwen3_vl_8b,Aligned,0.0026352200181104153,7.918906984352253,-0.28804615210736223,true,false,T/A
gen:accept_c_svt:S0327,qwen3_vl_8b,Aligned,0.004547207854239511,10.213509908550604,-0.5720524566200901,true,false,T/A
gen:accept_c_svt:S0330,qwen3_vl_8b,Aligned,0.006337688361600092,7.861179381790265,-0.2524832820980837,true,false,T/A
gen:accept_c_svt:S0336,qwen3_vl_8b,Aligned,0.005516167554972975,7.29155688403993,-0.12715296858260258,true,false,T/A
gen:accept_c_svt:S0337,qwen3_vl_8b,Aligned,0.003201831538424705,7.629948468633991,-0.5980289754994753,true,false,T/A
gen:accept_c_svt:S0343,qwen3_vl_8b,Aligned,0.007798390788685046,9.816196885566798,-0.2678444027572997,true,false,T/A
gen:accept_c_svt:S0353,qwen3_vl_8b,Aligned,0.006842561440036731,10.642525870452733,-0.5816919084491191,true,false,T/A
gen:accept_c_svt:S0354,qwen3_vl_8b,Aligned,0.0026558995471795788,6.521711708993098,-0.8657562282536061,true,false,T/A
gen:accept_c_svt:S0355,qwen3_vl_8b,Aligned,0.001997937073334263,6.044609028099925,-0.9354244181164865,true,false,T/A
gen:accept_c_svt:S0356,qwen3_vl_8b,Aligned,0.003177805287641925,5.378284327763836,-0.8050616134753794,true,false,T/A
gen:accept_c_svt:S0357,qwen3_vl_8b,Aligned,0.0029497484239949397,7.649234676489305,-0.8774396092400208,true,false,T/A
gen:accept_c_svt:S0361,qwen3_vl_8b,Aligned,0.0012347124121199636,9.663466722864475,-0.9254115387956083,true,false,T/A
gen:accept_c_svt:S0362,qwen3_vl_8b,Aligned,0.0034168382708818067,4.6023269705311245,-0.874455219256461,true,false,T/A
gen:accept_c_svt:S0363,qwen3_vl_8b,Aligned,0.00123742042211976,9.423302124416063,-0.9190141363818136,true,false,T/A
gen:accept_c_svt:S0367,qwen3_vl_8b,Aligned,0.002564353678890683,6.11365714159464,-0.851278276975091,true,false,T/A
gen:accept_c_svt:S0372,qwen3_vl_8b,Aligned,0.002602689183803688,6.020211674586487,-0.868042721234829,true,false,T/A
gen:accept_c_svt:S0375,qwen3_vl_8b,Aligned,0.0015514284788253512,6.551225517588239,-0.8859461790192549,true,false,T/A
gen:accept_c_svt:S0392,qwen3_vl_8b,Aligned,0.0018323636931324723,3.392090467921108,-0.7983312933712748,true,false,T/A
gen:accept_c_svt:S0400,qwen3_vl_8b,Aligned,0.0032515036728413545,5.079176631335301,-0.7583118758619898,true,false,T/A
gen:accept_c_svt:S0409,qwen3_vl_8b,Aligned,0.002152330010100112,7.225244783188721,-0.8559948102654318,true,false,T/A
gen:accept_c_svt:S0410,qwen3_vl_8b,Aligned,0.002025339507101672,3.295057914582119,-0.9224488008701668,true,false,T/A
gen:accept_c_svt:S0417,qwen3_vl_8b,Aligned,0.002572328027577058,6.34985496327811,-0.8766881174279216,true,false,T/A
gen:accept_c_svt:S0420,qwen3_vl_8b,Aligned,0.0026597443085563353,6.605135542181467,-0.8598140208327987,true,false,T/A
gen:accept_c_svt:S0421,qwen3_vl_8b,Aligned,0.0035370470416102723,2.6761705937827096,-0.7288453406182301,true,false,T/A
gen:accept_c_svt:S0429,qwen3_vl_8b,Aligned,0.002827641798635124,8.620990171737699,-0.6642872612248069,true,false,T/A
gen:accept_c_svt:S0433,qwen3_vl_8b,Aligned,0.0021171575237819494,9.278745706589248,-0.8649466138861525,true,false,T/A
gen:accept_c_svt:S0439,qwen3_vl_8b,Aligned,0.0023385554514236827,4.602076643231464,-0.8913670212631623,true,false,T/A
gen:accept_c_svt:S0447,qwen3_vl_8b,Aligned,0.001988983738134262,5.646535037944521,-0.9325380081196135,true,false,T/A
gen:accept_c_svt:S0461,qwen3_vl_8b,Aligned,0.002052834968202469,4.398723552969904,-0.7395235894942094,true,false,T/A
gen:accept_c_svt:S0471,qwen3_vl_8b,Aligned,0.005252051881911024,5.982302393425499,-0.4761998348836628,true,false,T/A
gen:accept_c_svt:S0472,qwen3_vl_8b,Aligned,0.0019239412689595994,5.796083577516982,-0.879903785630886,true,false,T/A
gen:accept_c_svt:S0482,qwen3_vl_8b,Aligned,0.003718558360643219,2.6913845851658835,-0.2730002054689301,true,false,T/A
gen:accept_c_svt:S0484,qwen3_vl_8b,Aligned,0.001765114402109612,8.487344383206185,-0.19520620374239597,true,false,T/A
gen:accept_c_svt:S0486,qwen3_vl_8b,Aligned,0.004991415231341106,4.437594395380969,-0.432047861734104,true,false,T/A
gen:accept_c_svt:S0491,qwen3_vl_8b,Aligned,0.003178960089157513,4.0572059549098505,-0.5661874512122129,true,false,T/A
gen:accept_c_svt:S0496,qwen3_vl_8b,Aligned,0.0021300014408219413,6.42105701333516,-0.5865764199044936,true,false,T/A
gen:accept_c_svt:S0500,qwen3_vl_8b,Aligned,0.0021975869124440605,3.372289416954117,-0.6533416698052581,true,false,T/A
gen:accept_c_svt:S0502,qwen3_vl_8b,Aligned,0.004594652961454553,3.9677748408598683,-0.5774145381098215,true,false,T/A
gen:accept_c_svt:S0503,qwen3_vl_8b,Aligned,0.0016478797215999116,3.3636360590681305,-0.7370865215022105,true,false,T/A
gen:accept_c_svt:S0504,qwen3_vl_8b,Aligned,0.003117883959761159,7.371943918205343,-0.35292884059363266,true,false,T/A
gen:accept_c_svt:S0506,qwen3_vl_8b,Aligned,0.0018271015327307168,7.603759291649057,-0.8874089910777585,true,false,T/A
gen:accept_c_svt:S0507,qwen3_vl_8b,Aligned,0.0024266693478295657,3.4690073477474295,-0.2526074009042384,true,false,T/A
gen:accept_c_svt:S0518,qwen3_vl_8b,Aligned,0.0022439068357127286,4.878541910397859,-0.6952789650492319,true,false,T/A
gen:accept_c_svt:S0525,qwen3_vl_8b,Aligned,0.002726890183879537,3.8552713894549795,-0.7720021159698592,true,false,T/A
gen:accept_c_svt:S0527,qwen3_vl_8b,Aligned,0.0018188055598699618,5.255390615456025,-0.8697885228082699,true,false,T/A
gen:accept_c_svt:S0539,qwen3_vl_8b,Aligned,0.0024299614054839394,5.937253014955955,-0.8272405449293778,true,false,T/A
gen:accept_c_svt:S0542,qwen3_vl_8b,Aligned,0.0015079228090839607,3.8308830040062167,-0.7132285916171808,true,false,T/A
gen:accept_c_svt:S0544,qwen3_vl_8b,Aligned,0.00537089800854151,4.109709805212796,-0.6494366324903129,true,false,T/A
gen:accept_c_svt:S0574,qwen3_vl_8b,Aligned,0.002264013782929119,7.868978538638466,-0.8706730027554687,true,false,T/A
gen:accept_c_svt:S0591,qwen3_vl_8b,Aligned,0.0026745613975784205,8.492169753269144,-0.8795542729139398,true,false,T/A
gen:accept_c_svt:S0595,qwen3_vl_8b,Aligned,0.001924828116252758,9.438487879170612,-0.9429437346471617,true,false,T/A
gen:accept_c_svt:S0608,qwen3_vl_8b,Aligned,0.003249766731319803,11.02064217255873,-0.7308693285429098,true,false,T/A
gen:accept_c_svt:S0609,qwen3_vl_8b,Aligned,0.0026687504870506044,8.702012183944058,-0.6943692660290669,true,false,T/A
gen:accept_c_svt:S0610,qwen3_vl_8b,Aligned,0.0022001409308134118,8.238420101750192,-0.9058192391576521,true,false,T/A
gen:accept_c_svt:S0617,qwen3_vl_8b,Aligned,0.0015691811996362919,7.349279468663553,-0.8010487959213006,true,false,T/A
gen:accept_c_svt:S0620,qwen3_vl_8b,Aligned,0.0035447188087437812,10.747474646478352,-0.7095014311577418,true,false,T/A
gen:accept_c_svt:S0621,qwen3_vl_8b,Aligned,0.0019851003445813613,7.276757333818556,-0.9559714854165547,true,false,T/A
gen:accept_c_svt:S0627,qwen3_vl_8b,Aligned,0.0023478240019699456,6.795430868402224,-0.8744432230105208,true,false,T/A
gen:accept_c_svt:S0638,qwen3_vl_8b,Aligned,0.00229075172076753,7.127161654778134,-0.7608982743675691,true,false,T/A
gen:accept_c_svt:S0641,qwen3_vl_8b,Aligned,0.0027082665841260544,10.13269237657612,-0.9205861456187917,true,false,T/A
gen:accept_c_svt:S0647,qwen3_vl_8b,Aligned,0.0030739443489083487,6.909706847925244,-0.9081635044754587,true,false,T/A
gen:accept_c_svt:S0652,qwen3_vl_8b,Aligned,0.004193621416254369,8.75833928351315,-0.8708130611269683,true,false,T/A
gen:accept_c_svt:S0655,qwen3_vl_8b,Aligned,0.0029929692084375618,13.150804421761425,-0.6830697403310586,true,true,T/A
gen:accept_c_svt:S0660,qwen3_vl_8b,Aligned,0.0037896433166023074,10.07599128040263,-0.7247279292382072,true,false,T/A
gen:accept_c_svt:S0663,qwen3_vl_8b,Aligned,0.002785787048903688,13.18753490292319,-0.8077196281788459,true,true,T/A
gen:accept_c_svt:S0665,qwen3_vl_8b,Aligned,0.003089044901540185,10.948964603483558,-0.7420353270324536,true,false,T/A
gen:accept_c_svt:S0680,qwen3_vl_8b,Aligned,0.003361215728036418,10.228874736367969,-0.8806143061427454,true,false,T/A
gen:accept_c_svt:S0681,qwen3_vl_8b,Aligned,0.00359451589501811,8.640652041077377,-0.7665526187009712,true,false,T/A
gen:accept_c_svt:S0682,qwen3_vl_8b,Aligned,0.00440531765734757,8.83386961460404,-0.7764117030562568,true,false,T/A
gen:accept_c_svt:S0692,qwen3_vl_8b,Aligned,0.0036739944183852287,9.343981454940113,-0.826800855849985,true,false,T/A
gen:accept_c_svt:S0708,qwen3_vl_8b,Aligned,0.0037082391349250814,10.916417349590475,-0.587905061730929,true,false,T/A
gen:accept_c_svt:S0727,qwen3_vl_8b,Aligned,0.0049921142349909796,10.601348087981826,-0.45352225615133535,true,false,T/A
gen:accept_c_svt:S0730,qwen3_vl_8b,Aligned,0.004361499783832793,5.271064826588845,-0.9700201151258036,true,false,T/A
gen:accept_c_svt:S0731,qwen3_vl_8b,Aligned,0.004708787738038158,8.24901232594149,-0.0066261105341081416,true,false,T/A
gen:accept_c_svt:S0742,qwen3_vl_8b,Aligned,0.0055078191970695115,6.630404767632664,-0.5797261476660114,true,false,T/A
gen:accept_c_svt:S0745,qwen3_vl_8b,Aligned,0.0036671221391497283,8.169015624992088,-0.5676080463147866,true,false,T/A
gen:accept_c_svt:S0751,qwen3_vl_8b,Aligned,0.004121636698760813,13.995147909444356,-0.6718112743015004,true,true,T/A
gen:accept_c_svt:S0752,qwen3_vl_8b,Aligned,0.008280867403393457,10.224379629789784,0.010223857895353104,true,false,V
gen:accept_c_svt:S0756,qwen3_vl_8b,Aligned,0.0024256451988098186,11.181792265788376,-0.6924095245499714,true,false,T/A
gen:accept_c_svt:S0762,qwen3_vl_8b,Aligned,0.002760718166328099,9.57521758060992,-0.8968185525773779,true,false,T/A
gen:accept_c_svt:S0764,qwen3_vl_8b,Aligned,0.004002856128077256,17.30896088390595,-0.35100014327600887,true,true,T/A
gen:accept_c_svt:S0801,qwen3_vl_8b,Aligned,0.006981705483118794,7.082457014067579,-0.7248759331672401,true,false,T/A
gen:accept_c_svt:S0810,qwen3_vl_8b,Aligned,0.005731866462285531,6.379822435572905,-0.46292258639063283,true,false,T/A
gen:accept_c_svt:S0814,qwen3_vl_8b,Aligned,0.006866048398599889,11.991978061396924,-0.30990566003206044,true,true,T/A
gen:accept_c_svt:S0815,qwen3_vl_8b,Aligned,0.005481638369607299,13.00100412145058,-0.39031937457039634,true,true,T/A
gen:accept_c_svt:S0818,qwen3_vl_8b,Aligned,0.006124385235619024,7.118816995561152,-0.49972690359378336,true,false,T/A
gen:accept_c_svt:S0825,qwen3_vl_8b,Aligned,0.004524171523777497,8.891456782600162,-0.44153812727670844,true,false,T/A
gen:accept_c_svt:S0832,qwen3_vl_8b,Aligned,0.005605287165797043,7.925198535461311,-0.5852847274594298,true,false,T/A
gen:accept_c_svt:S0853,qwen3_vl_8b,Aligned,0.002109482087914892,3.8654432212993455,-0.7589525302723192,true,false,T/A
gen:accept_c_svt:S0859,qwen3_vl_8b,Aligned,0.004675461607726809,8.667288808656789,-0.24009979298367326,true,false,T/A
gen:accept_c_svt:S0863,qwen3_vl_8b,Aligned,0.0050522318401354585,6.203860328962656,-0.14737434083601117,true,false,T/A
gen:accept_c_svt:S0865,qwen3_vl_8b,Aligned,0.004148769581853861,8.393708083217481,-0.5746798385622817,true,false,T/A
gen:accept_c_svt:S0874,qwen3_vl_8b,Aligned,0.0051960339226748845,5.711601982863737,-0.009562085029400834,true,false,T/A
gen:accept_c_svt:S0881,qwen3_vl_8b,Aligned,0.0015803802509595495,9.652202926075065,-0.917213044520011,true,false,T/A
gen:accept_c_svt:S0882,qwen3_vl_8b,Aligned,0.00211475107562655,5.729015702406661,-0.808357851333012,true,false,T/A
gen:accept_c_svt:S0891,qwen3_vl_8b,Aligned,0.0015177450426501493,8.004864791394395,-0.8815528412315524,true,false,T/A
gen:accept_c_svt:S0896,qwen3_vl_8b,Aligned,0.0037923942407491703,9.314536134558,-0.28422887118871143,true,false,T/A
gen:accept_c_svt:S0900,qwen3_vl_8b,Aligned,0.002953071934878974,7.41137658000586,-0.632590833484285,true,false,T/A
gen:accept_c_svt:S0906,qwen3_vl_8b,Aligned,0.004331686165146183,7.938101707579852,-0.21755253207710248,true,false,T/A
gen:accept_c_svt:S0927,qwen3_vl_8b,Aligned,0.002341307243945144,9.676584119946714,-0.807597367200333,true,false,T/A
gen:accept_c_svt:S0938,qwen3_vl_8b,Aligned,0.007593856415282028,4.235476473730602,-0.8700901522360669,true,false,T/A
gen:accept_c_svt:S0951,qwen3_vl_8b,Aligned,0.005298831999778487,4.350848387181935,0.046188828353688975,true,false,V
gen:accept_c_svt:S0959,qwen3_vl_8b,Aligned,0.0028659270977680635,5.424147668422911,-0.8008406225005441,true,false,T/A
gen:accept_c_svt:S0966,qwen3_vl_8b,Aligned,0.0037155674315221487,4.752766792946683,-0.5231225155567779,true,false,T/A
gen:accept_c_svt:S0967,qwen3_vl_8b,Aligned,0.00352221242187663,6.169398110309493,-0.6978944276968143,true,false,T/A
gen:accept_c_svt:S0971,qwen3_vl_8b,Aligned,0.0037422284107040565,9.468519905074688,-0.6777678568103325,true,false,T/A
gen:accept_c_svt:S0982,qwen3_vl_8b,Aligned,0.006304116723296112,3.8020865032299898,-0.5742508157285132,true,false,T/A
gen:accept_c_svt:S0994,qwen3_vl_8b,Aligned,0.0027488848921241563,7.284481902880492,-0.6968131441193235,true,false,T/A
gen:accept_c_svt:S1005,qwen3_vl_8b,Aligned,0.0038983271782224017,4.070062558447215,-0.44801399622677684,true,false,T/A
gen:accept_c_svt:S1007,qwen3_vl_8b,Aligned,0.0018815631467753644,10.086276758672533,-0.7679585358152962,true,false,T/A
gen:accept_c_svt:S1019,qwen3_vl_8b,Aligned,0.007899399166264998,8.982717606657596,-0.3306436854737946,true,false,T/A
gen:accept_c_svt:S1021,qwen3_vl_8b,Aligned,0.007075813825051815,3.455966686987322,-0.0704610255896508,true,false,T/A
gen:accept_c_svt:S1050,qwen3_vl_8b,Aligned,0.00648250689836414,8.902949161793407,-0.0009853438494027095,true,false,T/A
gen:accept_c_svt:S1054,qwen3_vl_8b,Aligned,0.006949373672509022,5.654326550573454,-0.5118826493046871,true,false,T/A
gen:accept_c_svt:S1055,qwen3_vl_8b,Aligned,0.00450309620941546,11.645249957675297,-0.7246342873905116,true,false,T/A
gen:accept_c_svt:S1057,qwen3_vl_8b,Aligned,0.002394516600912821,7.57674048424263,-0.7645793281809091,true,false,T/A
gen:accept_c_svt:S1064,qwen3_vl_8b,Aligned,0.007469544018310366,10.245517912700658,0.6693864858240072,true,false,V
gen:accept_c_svt:S1073,qwen3_vl_8b,Aligned,0.0021237257111386756,6.878996172900593,-0.8524865526564774,true,false,T/A
gen:accept_c_svt:S1076,qwen3_vl_8b,Aligned,0.0025099674044387864,11.991171661234816,-0.8889039536276131,true,true,T/A
gen:accept_c_svt:S1087,qwen3_vl_8b,Aligned,0.0037520216333613832,8.827061616234198,-0.6324101478807054,true,false,T/A
gen:accept_c_svt:S1088,qwen3_vl_8b,Aligned,0.00671439270826999,4.852616049820256,-0.9020364769104339,true,false,T/A
gen:accept_c_svt:S1101,qwen3_vl_8b,Aligned,0.007761494285791658,2.7295281915259366,-0.9324161808211755,true,false,T/A
gen:accept_c_svt:S1111,qwen3_vl_8b,Aligned,0.005058765411602284,6.697092154641358,-0.9054784575050917,true,false,T/A
gen:accept_c_svt:S1128,qwen3_vl_8b,Aligned,0.004102066308427671,6.994882434157159,-0.7340200765259084,true,false,T/A
gen:accept_c_svt:S1130,qwen3_vl_8b,Aligned,0.00575131412192613,8.232077627554212,-0.5698686304483584,true,false,T/A
gen:accept_c_svt:S1144,qwen3_vl_8b,Aligned,0.0025703994906102505,10.153729672946547,-0.8028673799463236,true,false,T/A
gen:accept_a_svt:S0035,internvl3_5_8b,Conflict,0.004655302450491727,15.092758016976816,0.9287495861276261,true,true,V
gen:accept_a_svt:S0040,internvl3_5_8b,Conflict,0.004103783484264754,16.678714408013228,0.9679090023883563,true,true,V
gen:accept_a_svt:S0116,internvl3_5_8b,Conflict,0.006770661676021449,6.726114564587751,0.5474922939747711,true,false,V
gen:accept_a_svt:S0126,internvl3_5_8b,Conflict,0.00987904439710075,23.52155436097449,0.8657723043013984,true,true,V
gen:accept_a_svt:S0143,internvl3_5_8b,Conflict,0.005697255302448378,23.390641423836,0.9939515830434696,true,true,V
gen:accept_a_svt:S0147,internvl3_5_8b,Conflict,0.009139684981813388,13.348933625262587,0.8414438370285422,true,true,V
gen:accept_a_svt:S0162,internvl3_5_8b,Conflict,0.005260994937591597,24.441853902485512,0.9852708896846004,true,true,V
gen:accept_a_svt:S0168,internvl3_5_8b,Conflict,0.004375650385883327,13.50695964107391,-0.025479829872362178,true,true,T/A
gen:accept_a_svt:S0174,internvl3_5_8b,Conflict,0.009260703406468987,10.431843199770672,0.9959023387074771,true,false,V
gen:accept_a_svt:S0175,internvl3_5_8b,Conflict,0.005004460152553048,15.513656847760048,0.9898056836478814,true,true,V
gen:accept_a_svt:S0177,internvl3_5_8b,Conflict,0.0030023650582585875,22.79953000899971,0.99591108936846,true,true,V
gen:accept_a_svt:S0182,internvl3_5_8b,Conflict,0.003603057889221256,30.3195652493532,0.9918513499181579,true,true,V
gen:accept_a_svt:S0193,internvl3_5_8b,Conflict,0.004638134689415852,24.203859835365627,0.9883698359192746,true,true,V
gen:accept_a_svt:S0198,internvl3_5_8b,Conflict,0.005189060579941954,21.52372388898992,0.9954203229930516,true,true,V
gen:accept_a_svt:S0207,internvl3_5_8b,Conflict,0.004611704868934489,22.9582287759232,0.9733659778106443,true,true,V
gen:accept_a_svt:S0233,internvl3_5_8b,Conflict,0.007537579362831966,10.636666338368345,0.9882625259275243,true,false,V
gen:accept_a_svt:S0235,internvl3_5_8b,Conflict,0.0030076248760226507,20.58799478676129,0.9922817863842559,true,true,V
gen:accept_a_svt:S0238,internvl3_5_8b,Conflict,0.009254981559876118,11.382455697243335,0.734859245115338,true,false,V
gen:accept_a_svt:S0245,internvl3_5_8b,Conflict,0.006473625565642445,8.026841736066057,0.9673702718302266,true,false,V
gen:accept_a_svt:S0247,internvl3_5_8b,Conflict,0.007843860998188422,13.63224983718146,0.9191554410540969,true,true,V
gen:accept_a_svt:S0254,internvl3_5_8b,Conflict,0.004295657320646232,32.030181209954904,0.9726509609706533,true,true,V
gen:accept_a_svt:S0291,internvl3_5_8b,Conflict,0.0067936590875846735,20.262664398421286,0.9312922384229646,true,true,V
gen:accept_a_svt:S0329,internvl3_5_8b,Conflict,0.004872162117566828,6.905958336266214,0.4362542888272791,true,false,V
gen:accept_a_svt:S0331,internvl3_5_8b,Conflict,0.006101629706228313,10.713766295216864,-0.6226537575450205,true,false,T/A
gen:accept_a_svt:S0332,internvl3_5_8b,Conflict,0.005211900292743074,10.859810418901512,-0.0019684324586389103,true,false,T/A
gen:accept_a_svt:S0335,internvl3_5_8b,Conflict,0.003705602361011352,8.25691951043255,0.7219392549458814,true,false,V
gen:accept_a_svt:S0342,internvl3_5_8b,Conflict,0.007515736567703654,6.642992015773308,0.6268706719837968,true,false,V
gen:accept_a_svt:S0355,internvl3_5_8b,Conflict,0.004298347532054051,28.65901813042687,0.9913165724807464,true,true,V
gen:accept_a_svt:S0373,internvl3_5_8b,Conflict,0.007165679774262558,12.473609854234907,0.9757543811386463,true,false,V
gen:accept_a_svt:S0375,internvl3_5_8b,Conflict,0.005559724386881938,11.163236260420947,0.5533412190270597,true,false,V
gen:accept_a_svt:S0393,internvl3_5_8b,Conflict,0.0061955844307576115,26.816956547527752,0.9521648125066874,true,true,V
gen:accept_a_svt:S0396,internvl3_5_8b,Conflict,0.005494141558257174,8.687013488098717,0.4489318583632801,true,false,V
gen:accept_a_svt:S0423,internvl3_5_8b,Conflict,0.009063095846961473,15.585123223414948,0.4679910547871388,true,true,V
gen:accept_a_svt:S0424,internvl3_5_8b,Conflict,0.009766706899321709,13.260333852477878,0.6366424169805237,true,true,V
gen:accept_a_svt:S0426,internvl3_5_8b,Conflict,0.006451610290258175,12.924489077651709,0.7405770120788738,true,true,V
gen:accept_a_svt:S0432,internvl3_5_8b,Conflict,0.004764658573350717,13.85666807034587,0.7852791638685647,true,true,V
gen:accept_a_svt:S0448,internvl3_5_8b,Conflict,0.009538253827405486,14.49724153524197,0.6216903128918769,true,true,V
gen:accept_a_svt:S0467,internvl3_5_8b,Conflict,0.005209556549375466,14.302964038341969,0.5579105186553931,true,true,V
gen:accept_a_svt:S0484,internvl3_5_8b,Conflict,0.002717983144957205,11.536041374834983,0.8513056981584199,true,false,V
gen:accept_a_svt:S0486,internvl3_5_8b,Conflict,0.0016704188263760697,15.896954363460637,0.8484610046439915,true,true,V
gen:accept_a_svt:S0497,internvl3_5_8b,Conflict,0.008323863429812305,14.120955885034181,0.45922652461272656,true,true,V
gen:accept_a_svt:S0499,internvl3_5_8b,Conflict,0.009159963281817852,13.87306248921479,-0.2830989390376936,true,true,T/A
gen:accept_a_svt:S0533,internvl3_5_8b,Conflict,0.007555448648634943,16.118076259081704,0.7667707618670396,true,true,V
gen:accept_a_svt:S0538,internvl3_5_8b,Conflict,0.0052625405954103135,6.750310202454522,-0.4042913350005202,true,false,T/A
gen:accept_a_svt:S0540,internvl3_5_8b,Conflict,0.005210568375574702,11.865326171071144,0.840054609923417,true,false,V
gen:accept_a_svt:S0554,internvl3_5_8b,Conflict,0.0077343381059968965,10.498585639534921,0.9198674681821783,true,false,V
gen:accept_a_svt:S0566,internvl3_5_8b,Conflict,0.009373321539338793,7.238319904448676,0.7597079779029119,true,false,V
gen:accept_a_svt:S0568,internvl3_5_8b,Conflict,0.003697132348500065,11.847200063991346,0.7387834507995206,true,false,V
gen:accept_a_svt:S0573,internvl3_5_8b,Conflict,0.00871916586117521,6.709549750453074,0.6829734948879951,true,false,V
gen:accept_a_svt:S0593,internvl3_5_8b,Conflict,0.006802086471782865,10.96285327820411,0.4967087847758401,true,false,V
gen:accept_a_svt:S0605,internvl3_5_8b,Conflict,0.006471939771221593,7.817600527175371,0.954778521006976,true,false,V
gen:accept_a_svt:S0616,internvl3_5_8b,Conflict,0.005946444237742339,13.721010187451615,0.6920701585182915,true,true,V
gen:accept_a_svt:S0623,internvl3_5_8b,Conflict,0.006319640621649594,13.479427100923065,0.7378952784338553,true,true,V
gen:accept_a_svt:S0636,internvl3_5_8b,Conflict,0.0034112763460106867,10.978035650386758,0.8361180909610076,true,false,V
gen:accept_a_svt:S0637,internvl3_5_8b,Conflict,0.002394932179559848,20.105299698707906,0.823519271028355,true,true,V
gen:accept_a_svt:S0658,internvl3_5_8b,Conflict,0.007273510192478302,9.168888968968874,0.7434507586878623,true,false,V
gen:accept_a_svt:S0661,internvl3_5_8b,Conflict,0.008904291496498086,10.550009158173708,0.7975795071077502,true,false,V
gen:accept_a_svt:S0666,internvl3_5_8b,Conflict,0.009759781358159372,8.75398380615624,0.5406360640691342,true,false,V
gen:accept_a_svt:S0667,internvl3_5_8b,Conflict,0.005440712391212521,10.836480598849386,0.756079248090794,true,false,V
gen:accept_a_svt:S0677,internvl3_5_8b,Conflict,0.010099263887562979,12.145333307090755,0.8762901410888796,true,false,V
gen:accept_a_svt:S0712,internvl3_5_8b,Conflict,0.00640508915324403,10.032467348847378,0.9024312255667284,true,false,V
gen:accept_a_svt:S0748,internvl3_5_8b,Conflict,0.00614943936023351,13.827266232870395,0.9575634292599945,true,true,V
gen:accept_a_svt:S0755,internvl3_5_8b,Conflict,0.008383022992110217,11.158919399105564,0.9015323910162275,true,false,V
gen:accept_a_svt:S0788,internvl3_5_8b,Conflict,0.007704182950946188,5.979204724672832,0.7114475246056389,true,false,V
gen:accept_c_svt:S0014,internvl3_5_8b,Aligned,0.0064092861202204145,8.185591716821987,0.29637596447149206,true,false,V
gen:accept_c_svt:S0016,internvl3_5_8b,Aligned,0.0022707887588675185,10.511280293883742,-0.717643854244611,true,false,T/A
gen:accept_c_svt:S0017,internvl3_5_8b,Aligned,0.0026052976422765105,7.177832645265534,-0.9696884675620072,true,false,T/A
gen:accept_c_svt:S0022,internvl3_5_8b,Aligned,0.0017044688866429327,8.23011835505411,-0.6316826191089361,true,false,T/A
gen:accept_c_svt:S0027,internvl3_5_8b,Aligned,0.003201560850596369,6.249964750885049,-0.6615690907666018,true,false,T/A
gen:accept_c_svt:S0042,internvl3_5_8b,Aligned,0.008705671269683635,8.356517867387131,0.6762177878816928,true,false,V
gen:accept_c_svt:S0043,internvl3_5_8b,Aligned,0.0013513181586661184,12.251232363413322,-0.9785791182811459,true,false,T/A
gen:accept_c_svt:S0054,internvl3_5_8b,Aligned,0.004753672266747913,8.749990273010605,-0.45076983939383075,true,false,T/A
gen:accept_c_svt:S0057,internvl3_5_8b,Aligned,0.004633258412010753,6.3526983472409615,-0.7348649620763131,true,false,T/A
gen:accept_c_svt:S0064,internvl3_5_8b,Aligned,0.0026129558224965116,5.353066377863873,-0.8382490309189414,true,false,T/A
gen:accept_c_svt:S0067,internvl3_5_8b,Aligned,0.003768224912945156,5.450726911298493,-0.4905379448459713,true,false,T/A
gen:accept_c_svt:S0068,internvl3_5_8b,Aligned,0.0028476426931037455,6.46557949164319,-0.5593994867950575,true,false,T/A
gen:accept_c_svt:S0075,internvl3_5_8b,Aligned,0.001995158434261061,7.558227850968579,-0.2693466948568766,true,false,T/A
gen:accept_c_svt:S0084,internvl3_5_8b,Aligned,0.004440484845564935,6.811322414624392,-0.8881140225628958,true,false,T/A
gen:accept_c_svt:S0086,internvl3_5_8b,Aligned,0.003261286870390251,10.285749452278981,0.05767169284832686,true,false,V
gen:accept_c_svt:S0093,internvl3_5_8b,Aligned,0.004633779769374273,8.617962416034098,0.07641607665682908,true,false,V
gen:accept_c_svt:S0094,internvl3_5_8b,Aligned,0.006690806735557188,14.962450379825542,0.4829121821606323,true,true,V
gen:accept_c_svt:S0095,internvl3_5_8b,Aligned,0.0023762864463201913,6.550487283182352,-0.7632272072130201,true,false,T/A
gen:accept_c_svt:S0096,internvl3_5_8b,Aligned,0.0022266619363639803,6.889663397724659,-0.9480695455573573,true,false,T/A
gen:accept_c_svt:S0100,internvl3_5_8b,Aligned,0.0018119069258384975,8.317162672978425,-0.8163495877441957,true,false,T/A
gen:accept_c_svt:S0114,internvl3_5_8b,Aligned,0.004261136887233153,6.527528875151835,-0.6995977781233313,true,false,T/A
gen:accept_c_svt:S0116,internvl3_5_8b,Aligned,0.0019272935830290303,9.76181573737732,-0.41193107933857254,true,false,T/A
gen:accept_c_svt:S0119,internvl3_5_8b,Aligned,0.0021050171181713237,10.155307972269435,-0.7649933577779902,true,false,T/A
gen:accept_c_svt:S0120,internvl3_5_8b,Aligned,0.0031256319561966408,9.492163392462645,-0.563306835718942,true,false,T/A
gen:accept_c_svt:S0124,internvl3_5_8b,Aligned,0.001643796137159085,9.161520336910742,-0.8126963521587831,true,false,T/A
gen:accept_c_svt:S0127,internvl3_5_8b,Aligned,0.002726741880278088,12.317286702744259,-0.8586413347722684,true,false,T/A
gen:accept_c_svt:S0139,internvl3_5_8b,Aligned,0.008151740598772597,4.414141143046399,-0.3826391985796355,true,false,T/A
gen:accept_c_svt:S0148,internvl3_5_8b,Aligned,0.003179260202341265,5.957381005560683,-0.8529137995054645,true,false,T/A
gen:accept_c_svt:S0154,internvl3_5_8b,Aligned,0.001247704422961574,9.147864792525406,-0.8354406963970781,true,false,T/A
gen:accept_c_svt:S0167,internvl3_5_8b,Aligned,0.0008911923511953856,12.097536151362933,-0.33355918750774916,true,false,T/A
gen:accept_c_svt:S0169,internvl3_5_8b,Aligned,0.0016876747059100309,10.239516872755779,-0.9214161336952131,true,false,T/A
gen:accept_c_svt:S0173,internvl3_5_8b,Aligned,0.0023535413045716945,8.994408645131413,-0.9047719075740395,true,false,T/A
gen:accept_c_svt:S0179,internvl3_5_8b,Aligned,0.0014494836399027416,7.045478185867149,-0.9393037506953935,true,false,T/A
gen:accept_c_svt:S0180,internvl3_5_8b,Aligned,0.0057039155869046355,10.80450015219397,-0.9843538230487053,true,false,T/A
gen:accept_c_svt:S0183,internvl3_5_8b,Aligned,0.0011484844134291028,8.977611481448488,-0.931123314984686,true,false,T/A
gen:accept_c_svt:S0190,internvl3_5_8b,Aligned,0.001893886429539341,6.520523320395653,-0.9043874807824107,true,false,T/A
gen:accept_c_svt:S0192,internvl3_5_8b,Aligned,0.004240942611330304,10.09455764952892,-0.9212925714740118,true,false,T/A
gen:accept_c_svt:S0201,internvl3_5_8b,Aligned,0.003255855534222181,10.711616891545672,-0.7417024324249789,true,false,T/A
gen:accept_c_svt:S0202,internvl3_5_8b,Aligned,0.0028972101689713017,6.844535690103496,-0.5947268540823653,true,false,T/A
gen:accept_c_svt:S0204,internvl3_5_8b,Aligned,0.006255199141389017,8.957840731578537,-0.7434014711906933,true,false,T/A
gen:accept_c_svt:S0208,internvl3_5_8b,Aligned,0.0013163288086312172,11.849735768657014,-0.6325540249934785,true,false,T/A
gen:accept_c_svt:S0217,internvl3_5_8b,Aligned,0.0019710033559461435,7.132254944411517,-0.4623967509515133,true,false,T/A
gen:accept_c_svt:S0232,internvl3_5_8b,Aligned,0.0024714142035170516,9.515001846304282,-0.5800361037086219,true,false,T/A
gen:accept_c_svt:S0256,internvl3_5_8b,Aligned,0.005350307241989871,10.735835354788284,-0.7827019631941878,true,false,T/A
gen:accept_c_svt:S0265,internvl3_5_8b,Aligned,0.005361219589778326,5.348552976956429,-0.9086054417690351,true,false,T/A
gen:accept_c_svt:S0277,internvl3_5_8b,Aligned,0.0032232554935706843,7.302966940159342,-0.6964662129302712,true,false,T/A
gen:accept_c_svt:S0284,internvl3_5_8b,Aligned,0.006208177855189202,8.301253213033288,-0.9490214594976832,true,false,T/A
gen:accept_c_svt:S0286,internvl3_5_8b,Aligned,0.0069117523848025554,5.213255817158076,-0.9415746248366256,true,false,T/A
gen:accept_c_svt:S0287,internvl3_5_8b,Aligned,0.00343854863674953,11.088927082627793,-0.9299724400860253,true,false,T/A
gen:accept_c_svt:S0292,internvl3_5_8b,Aligned,0.005300382820035599,6.922362254410399,-0.790094833682045,true,false,T/A
gen:accept_c_svt:S0296,internvl3_5_8b,Aligned,0.006182630327287252,6.418348697703286,-0.9242517163803221,true,false,T/A
gen:accept_c_svt:S0304,internvl3_5_8b,Aligned,0.003428917897722636,7.0043323787043335,-0.9779044560012515,true,false,T/A
gen:accept_c_svt:S0305,internvl3_5_8b,Aligned,0.004407971114341075,8.556882016928572,-0.9540526509383214,true,false,T/A
gen:accept_c_svt:S0311,internvl3_5_8b,Aligned,0.00802454793448358,9.661155515198733,-0.8122361183641775,true,false,T/A
gen:accept_c_svt:S0314,internvl3_5_8b,Aligned,0.003084618476506641,7.759529021430583,-0.9837934321371737,true,false,T/A
gen:accept_c_svt:S0317,internvl3_5_8b,Aligned,0.004812231455778439,10.55893961198941,-0.7334680719255553,true,false,T/A
gen:accept_c_svt:S0327,internvl3_5_8b,Aligned,0.005734670682922462,8.736889502739984,-0.5187311108125033,true,false,T/A
gen:accept_c_svt:S0330,internvl3_5_8b,Aligned,0.007191801917850512,9.951616792394638,-0.3397113380788721,true,false,T/A
gen:accept_c_svt:S0336,internvl3_5_8b,Aligned,0.003884142137830851,7.026500313000159,-0.7286371172077402,true,false,T/A
gen:accept_c_svt:S0337,internvl3_5_8b,Aligned,0.004294255933721902,8.150589474375478,-0.8988340255784505,true,false,T/A
gen:accept_c_svt:S0339,internvl3_5_8b,Aligned,0.006643336745650236,10.092903359933226,-0.7551153036447489,true,false,T/A
gen:accept_c_svt:S0353,internvl3_5_8b,Aligned,0.0037543469563969764,7.452885830786642,-0.9492132421905443,true,false,T/A
gen:accept_c_svt:S0354,internvl3_5_8b,Aligned,0.004889261027607856,6.663162219773994,-0.9812822278059589,true,false,T/A
gen:accept_c_svt:S0355,internvl3_5_8b,Aligned,0.002037676937431303,8.674715610769319,-0.9032692956504728,true,false,T/A
gen:accept_c_svt:S0356,internvl3_5_8b,Aligned,0.00331569609315932,7.614980847776881,-0.985860789701062,true,false,T/A
gen:accept_c_svt:S0357,internvl3_5_8b,Aligned,0.0028455048663297094,6.907145032359504,-0.9677235531472346,true,false,T/A
gen:accept_c_svt:S0361,internvl3_5_8b,Aligned,0.002223388185272573,8.556092367393848,-0.8839574918416373,true,false,T/A
gen:accept_c_svt:S0362,internvl3_5_8b,Aligned,0.004185847940165241,7.866525642379647,-0.9631058119710438,true,false,T/A
gen:accept_c_svt:S0363,internvl3_5_8b,Aligned,0.0012037229311173108,8.967913336529778,-0.933400518777125,true,false,T/A
gen:accept_c_svt:S0367,internvl3_5_8b,Aligned,0.0022050336298593417,6.498169093482899,-0.7978425911376077,true,false,T/A
gen:accept_c_svt:S0372,internvl3_5_8b,Aligned,0.002446191521365213,8.221815991324803,-0.8903357396604591,true,false,T/A
gen:accept_c_svt:S0375,internvl3_5_8b,Aligned,0.003903618029589847,13.388771835889901,-0.969954296464336,true,true,T/A
gen:accept_c_svt:S0387,internvl3_5_8b,Aligned,0.006741777188169748,8.653355011525019,-0.2981622576344,true,false,T/A
gen:accept_c_svt:S0392,internvl3_5_8b,Aligned,0.0019320229832195783,9.01354736472957,-0.8584912612893224,true,false,T/A
gen:accept_c_svt:S0400,internvl3_5_8b,Aligned,0.003807829113909694,7.945971092807353,-0.9796814503032983,true,false,T/A
gen:accept_c_svt:S0409,internvl3_5_8b,Aligned,0.0023675990177790423,8.197416490756588,-0.91559614334678,true,false,T/A
gen:accept_c_svt:S0410,internvl3_5_8b,Aligned,0.0020411470258451495,9.59732036941937,-0.8788635731390719,true,false,T/A
gen:accept_c_svt:S0417,internvl3_5_8b,Aligned,0.003868843652545599,8.968131399542878,-0.9703056585479721,true,false,T/A
gen:accept_c_svt:S0420,internvl3_5_8b,Aligned,0.0025770611015024803,7.530996274451475,-0.9829917147365562,true,false,T/A
gen:accept_c_svt:S0421,internvl3_5_8b,Aligned,0.0027151555492468493,6.276699035756229,-0.7707778662564992,true,false,T/A
gen:accept_c_svt:S0429,internvl3_5_8b,Aligned,0.003383882888937493,8.061941475236548,-0.8157227648717786,true,false,T/A
gen:accept_c_svt:S0433,internvl3_5_8b,Aligned,0.0034351130526123794,9.202120245334019,-0.9647848607204368,true,false,T/A
gen:accept_c_svt:S0439,internvl3_5_8b,Aligned,0.005352574956427031,5.7801626408190785,-0.9761436837908686,true,false,T/A
gen:accept_c_svt:S0447,internvl3_5_8b,Aligned,0.0024178797103133445,9.683536949506925,-0.8084664505628649,true,false,T/A
gen:accept_c_svt:S0461,internvl3_5_8b,Aligned,0.0018079625112785017,5.503550486759795,-0.43037460191607346,true,false,T/A
gen:accept_c_svt:S0471,internvl3_5_8b,Aligned,0.003262207907826759,5.145180423595629,-0.9434203125932301,true,false,T/A
gen:accept_c_svt:S0472,internvl3_5_8b,Aligned,0.0014763781154518145,6.531664133644172,-0.8039171289356485,true,false,T/A
gen:accept_c_svt:S0482,internvl3_5_8b,Aligned,0.008948098980726965,5.76134136152564,-0.03988180740721049,true,false,T/A
gen:accept_c_svt:S0484,internvl3_5_8b,Aligned,0.0012517745078560346,7.587714125415843,-0.8182360216341743,true,false,T/A
gen:accept_c_svt:S0486,internvl3_5_8b,Aligned,0.0056961745063204465,7.265203381474422,-0.2924296025855111,true,false,T/A
gen:accept_c_svt:S0491,internvl3_5_8b,Aligned,0.00223119109625131,8.80843511720285,-0.8886833521687566,true,false,T/A
gen:accept_c_svt:S0496,internvl3_5_8b,Aligned,0.0016824892420074572,12.226500770674718,-0.14113147092224262,true,false,T/A
gen:accept_c_svt:S0500,internvl3_5_8b,Aligned,0.0034915206046342503,2.9920843880013965,-0.8179535261264389,true,false,T/A
gen:accept_c_svt:S0502,internvl3_5_8b,Aligned,0.003439201771124069,5.656630711314792,-0.6643535993361407,true,false,T/A
gen:accept_c_svt:S0503,internvl3_5_8b,Aligned,0.0023830990733156045,5.720285555657686,-0.8399748516029473,true,false,T/A
gen:accept_c_svt:S0504,internvl3_5_8b,Aligned,0.005807755022930415,6.943553263689906,-0.3707053948790855,true,false,T/A
gen:accept_c_svt:S0506,internvl3_5_8b,Aligned,0.0032313268463410867,5.422385357619687,-0.4937628874074845,true,false,T/A
gen:accept_c_svt:S0507,internvl3_5_8b,Aligned,0.001530507871299742,8.882558477232303,-0.4536179401830103,true,false,T/A
gen:accept_c_svt:S0518,internvl3_5_8b,Aligned,0.0023447271860522847,4.219583410903658,-0.7255253293695011,true,false,T/A
gen:accept_c_svt:S0525,internvl3_5_8b,Aligned,0.00288782656398502,6.0602685399674225,-0.8102674309651166,true,false,T/A
gen:accept_c_svt:S0527,internvl3_5_8b,Aligned,0.003164310062727719,6.109639704084429,-0.9226041994572701,true,false,T/A
gen:accept_c_svt:S0539,internvl3_5_8b,Aligned,0.0027630055805996623,7.5862539797864805,-0.7182093500846668,true,false,T/A
gen:accept_c_svt:S0542,internvl3_5_8b,Aligned,0.001236939030643209,6.286920669309502,-0.7277219262881486,true,false,T/A
gen:accept_c_svt:S0544,internvl3_5_8b,Aligned,0.004725398422839822,6.134933635206861,-0.5068315179447517,true,false,T/A
gen:accept_c_svt:S0574,internvl3_5_8b,Aligned,0.0021676200689481925,10.02788143093211,-0.9154174928400546,true,false,T/A
gen:accept_c_svt:S0591,internvl3_5_8b,Aligned,0.0018382132802338702,6.9090691897884495,-0.8172993314570726,true,false,T/A
gen:accept_c_svt:S0595,internvl3_5_8b,Aligned,0.0016030838264066644,7.474112060589817,-0.9109248405535627,true,false,T/A
gen:accept_c_svt:S0608,internvl3_5_8b,Aligned,0.0018124581790476104,17.44361086365375,-0.4203053438353232,true,true,T/A
gen:accept_c_svt:S0609,internvl3_5_8b,Aligned,0.0011062043867397008,12.664220433979862,-0.9726407363932756,true,true,T/A
gen:accept_c_svt:S0610,internvl3_5_8b,Aligned,0.0014347980469336275,6.717561015452452,-0.7802555736219328,true,false,T/A
gen:accept_c_svt:S0617,internvl3_5_8b,Aligned,0.00237124336324351,8.40248071407693,-0.9791195684708834,true,false,T/A
gen:accept_c_svt:S0620,internvl3_5_8b,Aligned,0.004062021504611422,16.32287460918917,-0.4788011323798069,true,true,T/A
gen:accept_c_svt:S0621,internvl3_5_8b,Aligned,0.002449126143997399,6.8815642449625765,-0.9368484502318107,true,false,T/A
gen:accept_c_svt:S0627,internvl3_5_8b,Aligned,0.0015556789832483389,10.669457084201007,-0.9776263327391055,true,false,T/A
gen:accept_c_svt:S0638,internvl3_5_8b,Aligned,0.001847614797009826,9.705620010223551,-0.954452745646444,true,false,T/A
gen:accept_c_svt:S0641,internvl3_5_8b,Aligned,0.0023733758864633247,6.68119431239201,-0.8846256823056307,true,false,T/A
gen:accept_c_svt:S0647,internvl3_5_8b,Aligned,0.002156808697945103,10.915147734286668,-0.7523826974264103,true,false,T/A
gen:accept_c_svt:S0652,internvl3_5_8b,Aligned,0.004876079587454202,9.306980686391329,-0.6991440899806306,true,false,T/A
gen:accept_c_svt:S0655,internvl3_5_8b,Aligned,0.009065562882673855,11.56501596206342,-0.4935484537322014,true,false,T/A
gen:accept_c_svt:S0660,internvl3_5_8b,Aligned,0.009666155686538948,10.058803843374937,-0.686573269031048,true,false,T/A
gen:accept_c_svt:S0663,internvl3_5_8b,Aligned,0.007987245014104591,10.5452859867925,-0.8342300955389536,true,false,T/A
gen:accept_c_svt:S0665,internvl3_5_8b,Aligned,0.007312256760686986,8.713711924938988,-0.16995503659085906,true,false,T/A
gen:accept_c_svt:S0680,internvl3_5_8b,Aligned,0.004987002559743777,9.278404612156134,-0.7544848175315308,true,false,T/A
gen:accept_c_svt:S0681,internvl3_5_8b,Aligned,0.009751873021111915,8.02535092732529,-0.7617742031033505,true,false,T/A
gen:accept_c_svt:S0682,internvl3_5_8b,Aligned,0.005340392175971637,8.742246206598187,-0.5536564415479651,true,false,T/A
gen:accept_c_svt:S0692,internvl3_5_8b,Aligned,0.007723840499461639,8.525941142021288,-0.9874303048698089,true,false,T/A
gen:accept_c_svt:S0708,internvl3_5_8b,Aligned,0.006819676407348751,7.178017315750094,-0.9110534336692288,true,false,T/A
gen:accept_c_svt:S0727,internvl3_5_8b,Aligned,0.006681456571334113,12.93071487064157,-0.579666106863059,true,true,T/A
gen:accept_c_svt:S0730,internvl3_5_8b,Aligned,0.007615027891903606,9.087878407036104,-0.8291106813850493,true,false,T/A
gen:accept_c_svt:S0742,internvl3_5_8b,Aligned,0.0063204944900603355,8.543136948098198,-0.7888962560452233,true,false,T/A
gen:accept_c_svt:S0745,internvl3_5_8b,Aligned,0.006766289849573588,8.17615064184093,-0.885676618599794,true,false,T/A
gen:accept_c_svt:S0751,internvl3_5_8b,Aligned,0.010503271086644938,15.825103298512673,-0.5346535553140328,true,true,T/A
gen:accept_c_svt:S0756,internvl3_5_8b,Aligned,0.0038054713830905904,16.154224482003286,-0.991116232689365,true,true,T/A
gen:accept_c_svt:S0762,internvl3_5_8b,Aligned,0.0034786352152721763,7.737605957661402,-0.76187443594876,true,false,T/A
gen:accept_c_svt:S0764,internvl3_5_8b,Aligned,0.004133844996444412,13.47115384691006,-0.6259655812057197,true,true,T/A
gen:accept_c_svt:S0785,internvl3_5_8b,Aligned,0.00869929643098561,8.201495600017275,0.2950129849183532,true,false,V
gen:accept_c_svt:S0794,internvl3_5_8b,Aligned,0.005052499037596657,12.342154926236976,0.3727428438902101,true,false,V
gen:accept_c_svt:S0801,internvl3_5_8b,Aligned,0.0057028485616626885,8.156235612541288,-0.7882282324792003,true,false,T/A
gen:accept_c_svt:S0810,internvl3_5_8b,Aligned,0.005391965408134667,18.175992674383526,-0.4363352488938463,true,true,T/A
gen:accept_c_svt:S0818,internvl3_5_8b,Aligned,0.0046067202819662844,17.494825601528035,-0.4876562732581783,true,true,T/A
gen:accept_c_svt:S0832,internvl3_5_8b,Aligned,0.004654664374390587,8.806179748135138,-0.7603608061053754,true,false,T/A
gen:accept_c_svt:S0841,internvl3_5_8b,Aligned,0.009764040216270054,8.738104540934328,-0.6748286964943186,true,false,T/A
gen:accept_c_svt:S0853,internvl3_5_8b,Aligned,0.0023563786522334588,10.477352335148737,-0.9172924412719567,true,false,T/A
gen:accept_c_svt:S0859,internvl3_5_8b,Aligned,0.002378538581112562,10.770559320519364,-0.8404365735745479,true,false,T/A
gen:accept_c_svt:S0863,internvl3_5_8b,Aligned,0.003575702432466937,8.740445670698069,-0.38274789928231795,true,false,T/A
gen:accept_c_svt:S0865,internvl3_5_8b,Aligned,0.004074397484521628,7.646348772678307,-0.9119464405629832,true,false,T/A
gen:accept_c_svt:S0874,internvl3_5_8b,Aligned,0.0026582622996933667,9.81781623465622,-0.43471142550989844,true,false,T/A
gen:accept_c_svt:S0881,internvl3_5_8b,Aligned,0.0022081561519622654,8.255787502058647,-0.9371654826650497,true,false,T/A
gen:accept_c_svt:S0891,internvl3_5_8b,Aligned,0.0012588277635924216,7.320032385795817,-0.8142680269495458,true,false,T/A
gen:accept_c_svt:S0896,internvl3_5_8b,Aligned,0.002942566112494996,6.7028008349377615,-0.9161829540705111,true,false,T/A
gen:accept_c_svt:S0900,internvl3_5_8b,Aligned,0.0028646670286305346,10.344227393600958,-0.9747260887489693,true,false,T/A
gen:accept_c_svt:S0906,internvl3_5_8b,Aligned,0.005565034311622894,4.639809281205496,-0.5745135764831516,true,false,T/A
gen:accept_c_svt:S0927,internvl3_5_8b,Aligned,0.002303330968936491,6.868815265840328,-0.8720556638428091,true,false,T/A
gen:accept_c_svt:S0938,internvl3_5_8b,Aligned,0.009843676212752386,6.472779270526462,-0.3095868815924864,true,false,T/A
gen:accept_c_svt:S0951,internvl3_5_8b,Aligned,0.003642185576483726,8.848130208541342,-0.02005482395859091,true,false,T/A
gen:accept_c_svt:S0957,internvl3_5_8b,Aligned,0.0029804771211035166,7.402586530239578,-0.5711910167013057,true,false,T/A
gen:accept_c_svt:S0959,internvl3_5_8b,Aligned,0.002628619993328972,6.317719136887581,-0.8469303283824681,true,false,T/A
gen:accept_c_svt:S0966,internvl3_5_8b,Aligned,0.0020627665731268187,8.477047088410854,-0.6837337848974986,true,false,T/A
gen:accept_c_svt:S0967,internvl3_5_8b,Aligned,0.002989572870875215,7.294351460899234,-0.9635782193901683,true,false,T/A
gen:accept_c_svt:S0971,internvl3_5_8b,Aligned,0.0036138579526644853,6.06066121712977,-0.9100629453488674,true,false,T/A
gen:accept_c_svt:S0982,internvl3_5_8b,Aligned,0.003055811365806137,5.324003737586669,-0.9000587723608567,true,false,T/A
gen:accept_c_svt:S0994,internvl3_5_8b,Aligned,0.006177520982197646,6.909245142161056,-0.5209054101894182,true,false,T/A
gen:accept_c_svt:S1005,internvl3_5_8b,Aligned,0.002194895325567029,9.104834166412996,-0.978848976838437,true,false,T/A
gen:accept_c_svt:S1007,internvl3_5_8b,Aligned,0.0019191211740125075,7.835651966131003,-0.9790024320719529,true,false,T/A
gen:accept_c_svt:S1019,internvl3_5_8b,Aligned,0.010725176415242933,7.639379322936603,-0.7225838517156975,true,false,T/A
gen:accept_c_svt:S1021,internvl3_5_8b,Aligned,0.002260666207586141,8.173039592285123,-0.9621115871843268,true,false,T/A
gen:accept_c_svt:S1032,internvl3_5_8b,Aligned,0.008506736103472056,7.3203790002863895,-0.6435847605782641,true,false,T/A
gen:accept_c_svt:S1050,internvl3_5_8b,Aligned,0.009870669318918166,7.128020311142467,-0.3788495887973391,true,false,T/A
gen:accept_c_svt:S1054,internvl3_5_8b,Aligned,0.00583693726394285,7.808995178678535,-0.9420256781543906,true,false,T/A
gen:accept_c_svt:S1055,internvl3_5_8b,Aligned,0.00734610192427033,4.822586487654978,-0.9749286968000171,true,false,T/A
gen:accept_c_svt:S1057,internvl3_5_8b,Aligned,0.005863449223077057,7.969618982778462,-0.8232441229362846,true,false,T/A
gen:accept_c_svt:S1073,internvl3_5_8b,Aligned,0.0038950409681043382,5.306127081278569,-0.9316312297187057,true,false,T/A
gen:accept_c_svt:S1076,internvl3_5_8b,Aligned,0.009964236764589946,7.13835614503442,-0.6355657262414616,true,false,T/A
gen:accept_c_svt:S1088,internvl3_5_8b,Aligned,0.0033674982592741052,6.801210235792597,-0.9424556998310156,true,false,T/A
gen:accept_c_svt:S1101,internvl3_5_8b,Aligned,0.004053949981857458,4.610967715479296,-0.9323428070457573,true,false,T/A
gen:accept_c_svt:S1111,internvl3_5_8b,Aligned,0.003953033007502645,8.97525620902995,-0.9411156259645491,true,false,T/A
gen:accept_c_svt:S1130,internvl3_5_8b,Aligned,0.008043377061369114,7.886223332260126,-0.9466585145509502,true,false,T/A
gen:accept_c_svt:S1144,internvl3_5_8b,Aligned,0.006049671636762351,11.285057526902984,-0.9876229810420645,true,false,T/A
gen:accept_a_va:S0027,qwen2_5_omni_7b,Conflict,0.00939701519959284,9.629535840098406,-0.7414859545170316,true,true,T/A
gen:accept_a_va:S0057,qwen2_5_omni_7b,Conflict,0.01191802899248759,9.369358739016459,-0.9003859993140342,true,true,T/A
gen:accept_a_va:S0062,qwen2_5_omni_7b,Conflict,0.010521214592036835,10.089818937628145,-0.7099032649467089,true,true,T/A
gen:accept_a_va:S0064,qwen2_5_omni_7b,Conflict,0.006913728003279877,12.139686917853217,-0.9070782710407518,true,true,T/A
gen:accept_a_va:S0073,qwen2_5_omni_7b,Conflict,0.010539841647164955,6.696647040970003,-0.7936499531315876,true,true,T/A
gen:accept_a_va:S0081,qwen2_5_omni_7b,Conflict,0.008362509326162794,9.498739772482383,-0.9306449271799095,true,true,T/A
gen:accept_a_va:S0084,qwen2_5_omni_7b,Conflict,0.007301760658962189,13.026077246588999,-0.9138920222785963,true,true,T/A
gen:accept_a_va:S0085,qwen2_5_omni_7b,Conflict,0.005784378840831336,14.081729007242194,-0.9215840824498069,true,true,T/A
gen:accept_a_va:S0093,qwen2_5_omni_7b,Conflict,0.009800758889906154,7.92742204633208,-0.9587096384200848,true,true,T/A
gen:accept_a_va:S0108,qwen2_5_omni_7b,Conflict,0.007828733874355662,9.135168312713402,-0.9294527036176374,true,true,T/A
gen:accept_a_va:S0111,qwen2_5_omni_7b,Conflict,0.010344913731457132,7.034998548572522,-0.8562449139715212,true,true,T/A
gen:accept_a_va:S0122,qwen2_5_omni_7b,Conflict,0.01450120054384491,6.797514577262662,-0.4139044656149201,true,true,T/A
gen:accept_a_va:S0128,qwen2_5_omni_7b,Conflict,0.009715485371259436,8.627697885493012,-0.9945342443111764,true,true,T/A
gen:accept_a_va:S0129,qwen2_5_omni_7b,Conflict,0.01896225005400413,6.912579856342998,-0.5095502708777397,true,true,T/A
gen:accept_a_va:S0132,qwen2_5_omni_7b,Conflict,0.012864249262149775,8.516844229916778,-0.9197910702308476,true,true,T/A
gen:accept_a_va:S0144,qwen2_5_omni_7b,Conflict,0.008174094490158103,8.609543810347036,-0.9268796410096295,true,true,T/A
gen:accept_a_va:S0152,qwen2_5_omni_7b,Conflict,0.011215172618409402,7.0823223031909,-0.7246202874824024,true,true,T/A
gen:accept_a_va:S0155,qwen2_5_omni_7b,Conflict,0.012982389613562318,8.439191414168452,-0.6784314976923415,true,true,T/A
gen:accept_a_va:S0159,qwen2_5_omni_7b,Conflict,0.013107911792148583,8.438330852766876,-0.7384517890026503,true,true,T/A
gen:accept_a_va:S0165,qwen2_5_omni_7b,Conflict,0.01063144941381751,8.912674779491692,-0.8837324026519104,true,true,T/A
gen:accept_a_va:S0166,qwen2_5_omni_7b,Conflict,0.016084880585504596,4.074053197324019,-0.11331766311016132,true,false,T/A
gen:accept_a_va:S0169,qwen2_5_omni_7b,Conflict,0.009903669727867421,8.915322353008838,-0.731538502393315,true,true,T/A
gen:accept_a_va:S0173,qwen2_5_omni_7b,Conflict,0.013741605913275513,8.044304184997893,-0.6517134994791879,true,true,T/A
gen:accept_a_va:S0179,qwen2_5_omni_7b,Conflict,0.010486731086358067,10.900721582060413,-0.8303093151776187,true,true,T/A
gen:accept_a_va:S0189,qwen2_5_omni_7b,Conflict,0.011360826827390202,9.90557137935851,-0.7709574184038331,true,true,T/A
gen:accept_a_va:S0199,qwen2_5_omni_7b,Conflict,0.013734149580870908,6.926879430487301,-0.5618880836042494,true,true,T/A
gen:accept_a_va:S0210,qwen2_5_omni_7b,Conflict,0.013142385328634014,6.199453220466844,-0.6466444966186574,true,true,T/A
gen:accept_a_va:S0224,qwen2_5_omni_7b,Conflict,0.02037236920563915,7.864681438973387,-0.5082928326709779,true,true,T/A
gen:accept_a_va:S0228,qwen2_5_omni_7b,Conflict,0.019630707510615332,6.6446318855325694,-0.48804398674548505,true,true,T/A
gen:accept_a_va:S0231,qwen2_5_omni_7b,Conflict,0.019774138114094533,8.801461206813075,-0.755695141313137,true,true,T/A
gen:accept_a_va:S0232,qwen2_5_omni_7b,Conflict,0.018843069250339992,7.839139800922034,-0.7209374883341129,true,true,T/A
gen:accept_a_va:S0233,qwen2_5_omni_7b,Conflict,0.01447923634493442,5.89890963109615,-0.3721507872007787,true,true,T/A
gen:accept_a_va:S0235,qwen2_5_omni_7b,Conflict,0.014563946818967083,5.038782953446201,-0.9105166362949888,true,false,T/A
gen:accept_a_va:S0270,qwen2_5_omni_7b,Conflict,0.010520165436661231,8.545948746162807,-0.5912584522489114,true,true,T/A
gen:accept_a_va:S0274,qwen2_5_omni_7b,Conflict,0.018379603706949674,9.829206079515556,-0.9223312360713207,true,true,T/A
gen:accept_a_va:S0302,qwen2_5_omni_7b,Conflict,0.012069617334226438,7.42098936171446,-0.9494187036032778,true,true,T/A
gen:accept_a_va:S0306,qwen2_5_omni_7b,Conflict,0.008549743561819647,7.892517837786506,-0.9793889561035265,true,true,T/A
gen:accept_a_va:S0311,qwen2_5_omni_7b,Conflict,0.010544568892222389,9.358782833761596,-0.6326091443463875,true,true,T/A
gen:accept_a_va:S0319,qwen2_5_omni_7b,Conflict,0.018566567997442832,8.231548672104543,-0.3048311916662687,true,true,T/A
gen:accept_a_va:S0320,qwen2_5_omni_7b,Conflict,0.0211260536668232,8.724187332686219,-0.5082118591003167,true,true,T/A
gen:accept_a_va:S0322,qwen2_5_omni_7b,Conflict,0.020600882338333345,7.1014418961684465,-0.4546065369583754,true,true,T/A
gen:accept_a_va:S0323,qwen2_5_omni_7b,Conflict,0.01718761797100642,7.7571251226905185,-0.6658716705826371,true,true,T/A
gen:accept_a_va:S0329,qwen2_5_omni_7b,Conflict,0.0121311687710879,11.058807603784253,-0.6013941286048856,true,true,T/A
gen:accept_a_va:S0335,qwen2_5_omni_7b,Conflict,0.016196060918544416,7.832069374663685,-0.716751372718019,true,true,T/A
gen:accept_a_va:S0336,qwen2_5_omni_7b,Conflict,0.012115145934379326,8.825605694359163,-0.7325913131334135,true,true,T/A
gen:accept_a_va:S0345,qwen2_5_omni_7b,Conflict,0.01985971091213028,9.310564948160852,-0.7075766091712362,true,true,T/A
gen:accept_a_va:S0346,qwen2_5_omni_7b,Conflict,0.015777791660607412,9.086919104736573,-0.9297039164142239,true,true,T/A
gen:accept_a_va:S0370,qwen2_5_omni_7b,Conflict,0.01518117756795768,7.029814524875869,-0.6274775741889113,true,true,T/A
gen:accept_a_va:S0378,qwen2_5_omni_7b,Conflict,0.016484752403359594,6.085215745560363,-0.5952458725661963,true,true,T/A
gen:accept_a_va:S0381,qwen2_5_omni_7b,Conflict,0.013585807676070797,5.302787567926092,-0.5230263411356529,true,false,T/A
gen:accept_a_va:S0386,qwen2_5_omni_7b,Conflict,0.021969528059664206,4.587682618023395,-0.9372751965039453,true,false,T/A
gen:accept_a_va:S0403,qwen2_5_omni_7b,Conflict,0.013905936526935924,10.585030496840945,-0.7644234395413986,true,true,T/A
gen:accept_a_va:S0406,qwen2_5_omni_7b,Conflict,0.014346096913472555,8.119384387651111,-0.7404031369575379,true,true,T/A
gen:accept_a_va:S0412,qwen2_5_omni_7b,Conflict,0.012210132366474412,6.586398598308991,-0.6237498730731968,true,true,T/A
gen:accept_a_va:S0416,qwen2_5_omni_7b,Conflict,0.011464873464326097,7.858576048112515,-0.7255782284143042,true,true,T/A
gen:accept_a_va:S0424,qwen2_5_omni_7b,Conflict,0.012443201066650181,8.537132007303045,-0.7277706884052952,true,true,T/A
gen:accept_a_va:S0426,qwen2_5_omni_7b,Conflict,0.019289954966592998,9.044127677294341,-0.7201770431417236,true,true,T/A
gen:accept_a_va:S0435,qwen2_5_omni_7b,Conflict,0.01835613236405212,7.360715978173402,-0.8782043630895531,true,true,T/A
gen:accept_a_va:S0440,qwen2_5_omni_7b,Conflict,0.01822691688076995,10.6501413596169,-0.46004879571752466,true,true,T/A
gen:accept_a_va:S0446,qwen2_5_omni_7b,Conflict,0.010672327861163794,10.541182690515928,-0.33454069555718347,true,true,T/A
gen:accept_a_va:S0453,qwen2_5_omni_7b,Conflict,0.013304639640069504,7.000255725914488,-0.5401912743692054,true,true,T/A
gen:accept_a_va:S0487,qwen2_5_omni_7b,Conflict,0.01407907593435416,7.018330674055823,-0.9848748503164225,true,true,T/A
gen:accept_a_va:S0489,qwen2_5_omni_7b,Conflict,0.0072916668862555364,7.060178406263004,-0.5501667558580791,true,true,T/A
gen:accept_a_va:S0492,qwen2_5_omni_7b,Conflict,0.010642995949234721,6.936036870702837,-0.8689169767823863,true,true,T/A
gen:accept_a_va:S0493,qwen2_5_omni_7b,Conflict,0.010259471659500955,8.353822903303312,-0.9410582904436591,true,true,T/A
gen:accept_a_va:S0496,qwen2_5_omni_7b,Conflict,0.010228623102828823,7.489104866338196,-0.8840848940847951,true,true,T/A
gen:accept_a_va:S0509,qwen2_5_omni_7b,Conflict,0.011599453245872818,7.740979079301178,-0.801147356277374,true,true,T/A
gen:accept_a_va:S0537,qwen2_5_omni_7b,Conflict,0.011861878741132726,7.59559850808706,-0.7326183000943955,true,true,T/A
gen:accept_a_va:S0540,qwen2_5_omni_7b,Conflict,0.015130445282400942,5.785342251102774,-0.5287208620069306,true,false,T/A
gen:accept_a_va:S0550,qwen2_5_omni_7b,Conflict,0.0075012739671853025,13.564426563243941,-0.5850216955094951,true,true,T/A
gen:accept_a_va:S0551,qwen2_5_omni_7b,Conflict,0.018410883264396747,8.34102324086661,-0.6915566350868867,true,true,T/A
gen:accept_a_va:S0553,qwen2_5_omni_7b,Conflict,0.009320077380303103,9.67964529957116,-0.9023649085606372,true,true,T/A
gen:accept_a_va:S0561,qwen2_5_omni_7b,Conflict,0.006808846461931487,12.78086487003053,-0.9771677552600587,true,true,T/A
gen:accept_a_va:S0570,qwen2_5_omni_7b,Conflict,0.013390464929973223,8.679565045592836,-0.9001135472671443,true,true,T/A
gen:accept_a_va:S0571,qwen2_5_omni_7b,Conflict,0.01120575349523576,9.89248725618925,-0.7310531012104433,true,true,T/A
gen:accept_a_va:S0578,qwen2_5_omni_7b,Conflict,0.015661448031670976,6.491320409826255,-0.8701427146698298,true,true,T/A
gen:accept_a_va:S0582,qwen2_5_omni_7b,Conflict,0.010727328507781875,10.782784478166565,-0.7120243989359472,true,true,T/A
gen:accept_a_va:S0583,qwen2_5_omni_7b,Conflict,0.01697495484977702,6.63926730925159,-0.8928565938524343,true,true,T/A
gen:accept_a_va:S0596,qwen2_5_omni_7b,Conflict,0.01791979472182088,9.350920434051933,-0.28696921954985155,true,true,T/A
gen:accept_a_va:S0597,qwen2_5_omni_7b,Conflict,0.012755715280483372,8.419474139097783,-0.7622452737866239,true,true,T/A
gen:accept_a_va:S0603,qwen2_5_omni_7b,Conflict,0.01669748568923056,3.5881727555218075,-0.6118309449962072,true,false,T/A
gen:accept_a_va:S0609,qwen2_5_omni_7b,Conflict,0.014883208825760821,8.044647934834122,-0.7454930343476028,true,true,T/A
gen:accept_a_va:S0610,qwen2_5_omni_7b,Conflict,0.012704530378825735,10.451372888388239,-0.649998017424194,true,true,T/A
gen:accept_a_va:S0612,qwen2_5_omni_7b,Conflict,0.0073177433174213685,11.763724440549556,-0.7594391801163543,true,true,T/A
gen:accept_a_va:S0617,qwen2_5_omni_7b,Conflict,0.0180753063385036,11.398853030372026,-0.4113753338095531,true,true,T/A
gen:accept_a_va:S0621,qwen2_5_omni_7b,Conflict,0.01199274686504397,10.56738154108723,-0.43803328939450603,true,true,T/A
gen:accept_a_va:S0628,qwen2_5_omni_7b,Conflict,0.009930609921620136,10.059911241558916,-0.7988563899550142,true,true,T/A
gen:accept_a_va:S0633,qwen2_5_omni_7b,Conflict,0.010387885552252113,10.06137011606776,-0.8180382810598491,true,true,T/A
gen:accept_a_va:S0635,qwen2_5_omni_7b,Conflict,0.013288820824164856,10.875815178243283,-0.6179880569847687,true,true,T/A
gen:accept_a_va:S0642,qwen2_5_omni_7b,Conflict,0.013738803330228805,12.909636041594078,-0.6166841206380405,true,true,T/A
gen:accept_a_va:S0656,qwen2_5_omni_7b,Conflict,0.012277542616665632,8.06774373041833,-0.7768269109329351,true,true,T/A
gen:accept_a_va:S0668,qwen2_5_omni_7b,Conflict,0.01097820930225068,9.125817344096491,-0.4680113923875889,true,true,T/A
gen:accept_a_va:S0670,qwen2_5_omni_7b,Conflict,0.010092055241112055,7.31480310348897,-0.5994270105919333,true,true,T/A
gen:accept_a_va:S0673,qwen2_5_omni_7b,Conflict,0.013787956597757367,7.861094075551442,-0.8770523525287008,true,true,T/A
gen:accept_a_va:S0680,qwen2_5_omni_7b,Conflict,0.012438143108531014,6.641097178876407,-0.8328716488299767,true,true,T/A
gen:accept_a_va:S0682,qwen2_5_omni_7b,Conflict,0.013318877195378139,8.197009016325438,-0.6310733120907525,true,true,T/A
gen:accept_a_va:S0689,qwen2_5_omni_7b,Conflict,0.016288888212414126,12.780545900291553,-0.3356565287474284,true,true,T/A
gen:accept_a_va:S0702,qwen2_5_omni_7b,Conflict,0.007919497128941464,12.102770338684183,-0.9637946922596747,true,true,T/A
gen:accept_a_va:S0726,qwen2_5_omni_7b,Conflict,0.007605457637673314,10.951470891977353,-0.931793620555241,true,true,T/A
gen:accept_a_va:S0740,qwen2_5_omni_7b,Conflict,0.012304296736281166,9.03373257565095,-0.7209509074048275,true,true,T/A
gen:accept_a_va:S0742,qwen2_5_omni_7b,Conflict,0.013021951090189532,10.06459095876407,-0.7185683692820326,true,true,T/A
gen:accept_a_va:S0748,qwen2_5_omni_7b,Conflict,0.01066817870857558,6.121673166995516,-0.5056412712326962,true,true,T/A
gen:accept_a_va:S0750,qwen2_5_omni_7b,Conflict,0.009341769310174703,9.335970755361611,-0.24334439993298143,true,true,T/A
gen:accept_a_va:S0758,qwen2_5_omni_7b,Conflict,0.007695336654816548,14.166493460051683,-0.7657100049816228,true,true,T/A
gen:accept_a_va:S0764,qwen2_5_omni_7b,Conflict,0.018317652300208345,5.96608467330094,-0.42256588679047086,true,true,T/A
gen:accept_a_va:S0766,qwen2_5_omni_7b,Conflict,0.010833092141154285,4.040542972561987,-0.420836054854507,true,false,T/A
gen:accept_a_va:S0767,qwen2_5_omni_7b,Conflict,0.0142427823868792,5.13556239787066,-0.5558438537031003,true,false,T/A
gen:accept_a_va:S0770,qwen2_5_omni_7b,Conflict,0.014583395787365477,7.973837768208973,-0.69477140731562,true,true,T/A
gen:accept_a_va:S0777,qwen2_5_omni_7b,Conflict,0.015165983528431778,5.091382041532745,-0.3791804787501661,true,false,T/A
gen:accept_a_va:S0790,qwen2_5_omni_7b,Conflict,0.01242885572398683,6.439071162478487,-0.9660073032046776,true,true,T/A
gen:accept_a_va:S0797,qwen2_5_omni_7b,Conflict,0.021322373617451217,4.394924725972716,-0.7073399131670525,true,false,T/A
gen:accept_a_va:S0799,qwen2_5_omni_7b,Conflict,0.017112787390829935,9.32797183627121,-0.43807144708355195,true,true,T/A
gen:accept_a_va:S0808,qwen2_5_omni_7b,Conflict,0.00960444584875464,9.639450792292179,-0.7176094710430665,true,true,T/A
gen:accept_a_va:S0810,qwen2_5_omni_7b,Conflict,0.014604528183551874,5.304086427071476,-0.35969123389537194,true,false,T/A
gen:accept_a_va:S0825,qwen2_5_omni_7b,Conflict,0.009056482875655372,6.600478083966115,-0.9685254364217742,true,true,T/A
gen:accept_a_va:S0828,qwen2_5_omni_7b,Conflict,0.010022612925512785,11.470823549708665,-0.784259620369811,true,true,T/A
gen:accept_a_va:S0831,qwen2_5_omni_7b,Conflict,0.007836881023612935,8.765355342072157,-0.7110627386519691,true,true,T/A
gen:accept_a_va:S0847,qwen2_5_omni_7b,Conflict,0.015313522357876017,5.820620886315678,-0.8231130130383288,true,false,T/A
gen:accept_a_va:S0858,qwen2_5_omni_7b,Conflict,0.013777884039254985,5.49263426668869,-0.7474310372404395,true,false,T/A
gen:accept_a_va:S0859,qwen2_5_omni_7b,Conflict,0.013561148563175742,5.203901430177532,-0.9298615522559353,true,false,T/A
gen:accept_a_va:S0861,qwen2_5_omni_7b,Conflict,0.01074226153153047,6.630881614587731,-0.8668698337165348,true,true,T/A
gen:accept_a_va:S0864,qwen2_5_omni_7b,Conflict,0.009231006396807268,10.135859195314756,-0.4723458015894262,true,true,T/A
gen:accept_a_va:S0867,qwen2_5_omni_7b,Conflict,0.008802176628910554,7.701969161884855,-0.7097328724333031,true,true,T/A
gen:accept_a_va:S0878,qwen2_5_omni_7b,Conflict,0.010573595547725648,6.824839517851245,-0.8215320106908667,true,true,T/A
gen:accept_a_va:S0879,qwen2_5_omni_7b,Conflict,0.009871600041578894,7.989754050016166,-0.9561740843419346,true,true,T/A
gen:accept_a_va:S0883,qwen2_5_omni_7b,Conflict,0.010217690991007073,7.576799017860713,-0.954031197153438,true,true,T/A
gen:accept_a_va:S0884,qwen2_5_omni_7b,Conflict,0.01495702145929051,6.88699616580262,-0.6257830523386764,true,true,T/A
gen:accept_c_va:S0005,qwen2_5_omni_7b,Aligned,0.011096065898437335,11.251587128328108,0.3007064077365031,true,true,V
gen:accept_c_va:S0006,qwen2_5_omni_7b,Aligned,0.01727217372245886,10.061759528650683,0.1567967709414242,true,true,V
gen:accept_c_va:S0008,qwen2_5_omni_7b,Aligned,0.01613126233221353,5.446117279697493,0.4690597740335679,true,false,V
gen:accept_c_va:S0012,qwen2_5_omni_7b,Aligned,0.018042109449782615,5.24809173396123,-0.5971368997535988,true,false,T/A
gen:accept_c_va:S0013,qwen2_5_omni_7b,Aligned,0.022841336685782462,3.802356672782282,-0.45669862498069913,true,false,T/A
gen:accept_c_va:S0016,qwen2_5_omni_7b,Aligned,0.018538708149995375,3.9902029035899065,-0.3955941024565915,true,false,T/A
gen:accept_c_va:S0017,qwen2_5_omni_7b,Aligned,0.0186031478354989,7.37947060369644,-0.46766731511612997,true,true,T/A
gen:accept_c_va:S0037,qwen2_5_omni_7b,Aligned,0.011160130710084802,6.798017305449028,0.019876126243273617,true,true,V
gen:accept_c_va:S0043,qwen2_5_omni_7b,Aligned,0.014196180707555307,7.016895875885651,0.06816668853073793,true,true,V
gen:accept_c_va:S0046,qwen2_5_omni_7b,Aligned,0.009174855804603149,5.219144789612742,-0.11226119728189324,true,false,T/A
gen:accept_c_va:S0060,qwen2_5_omni_7b,Aligned,0.01311998328662566,7.3763000913597105,-0.29891447362980117,true,true,T/A
gen:accept_c_va:S0061,qwen2_5_omni_7b,Aligned,0.018933356290328707,3.8459409629490935,0.12992123031460093,true,false,V
gen:accept_c_va:S0067,qwen2_5_omni_7b,Aligned,0.018165502619811886,4.49783597648683,-0.017420336543912462,true,false,T/A
gen:accept_c_va:S0068,qwen2_5_omni_7b,Aligned,0.020171184444000238,3.862642101592992,-0.7846266892243827,true,false,T/A
gen:accept_c_va:S0075,qwen2_5_omni_7b,Aligned,0.019019980169199938,3.7274401646995607,-0.7656592700883132,true,false,T/A
gen:accept_c_va:S0078,qwen2_5_omni_7b,Aligned,0.0111168821954953,6.28469058198368,-0.7680006513429892,true,true,T/A
gen:accept_c_va:S0080,qwen2_5_omni_7b,Aligned,0.01412416581393007,4.496707312564828,-0.4221370677893667,true,false,T/A
gen:accept_c_va:S0081,qwen2_5_omni_7b,Aligned,0.013110106147007949,4.233855117780393,-0.9241683383490413,true,false,T/A
gen:accept_c_va:S0082,qwen2_5_omni_7b,Aligned,0.010083720345267716,9.58404802598599,-0.7645040697554223,true,true,T/A
gen:accept_c_va:S0083,qwen2_5_omni_7b,Aligned,0.01722251774161633,5.3495083471518505,-0.6241743763605859,true,false,T/A
gen:accept_c_va:S0085,qwen2_5_omni_7b,Aligned,0.016513330825923465,6.870348133155815,-0.43833519046387787,true,true,T/A
gen:accept_c_va:S0086,qwen2_5_omni_7b,Aligned,0.01494077594323936,4.702073756617921,-0.18951425723188492,true,false,T/A
gen:accept_c_va:S0089,qwen2_5_omni_7b,Aligned,0.014349703976242363,1.5503276259708152,-0.018105687545905347,true,false,T/A
gen:accept_c_va:S0091,qwen2_5_omni_7b,Aligned,0.012972277445802585,2.079218352274321,0.7819367988910763,true,false,V
gen:accept_c_va:S0095,qwen2_5_omni_7b,Aligned,0.02023927199726913,2.479331314329234,0.07914391033773602,true,false,V
gen:accept_c_va:S0111,qwen2_5_omni_7b,Aligned,0.016452162707327012,1.8093557686246187,0.4310839233142564,true,false,V
gen:accept_c_va:S0131,qwen2_5_omni_7b,Aligned,0.01973637610463355,4.423799877534068,0.11774043623092284,true,false,V
gen:accept_c_va:S0137,qwen2_5_omni_7b,Aligned,0.011706559532897662,2.9773232686335587,0.8450697805299654,true,false,V
gen:accept_c_va:S0145,qwen2_5_omni_7b,Aligned,0.015674710893016138,1.7562353990670507,0.20865576103177771,true,false,V
gen:accept_c_va:S0162,qwen2_5_omni_7b,Aligned,0.015720304754734,0.8626768869419413,0.9786776569227745,true,false,V
gen:accept_c_va:S0165,qwen2_5_omni_7b,Aligned,0.013224778765732454,1.561057114397536,0.6635320277393106,true,false,V
gen:accept_c_va:S0178,qwen2_5_omni_7b,Aligned,0.019756291555141692,0.39700118680994945,0.20417787417861488,true,false,V
gen:accept_c_va:S0198,qwen2_5_omni_7b,Aligned,0.009523010975928968,4.24177508628256,-0.24132667977546227,true,false,T/A
gen:accept_c_va:S0199,qwen2_5_omni_7b,Aligned,0.014252537386920816,2.585621581396969,0.2752518012041409,true,false,V
gen:accept_c_va:S0200,qwen2_5_omni_7b,Aligned,0.012047167932630332,2.5239014924573056,0.27254562023470974,true,false,V
gen:accept_c_va:S0208,qwen2_5_omni_7b,Aligned,0.010062564134660557,4.314152425541289,-0.3977629246709156,true,false,T/A
gen:accept_c_va:S0213,qwen2_5_omni_7b,Aligned,0.013097975991706416,1.5133490090071104,0.2715537010316469,true,false,V
gen:accept_c_va:S0214,qwen2_5_omni_7b,Aligned,0.012850771847816073,2.9747661508987973,-0.036270510254387676,true,false,T/A
gen:accept_c_va:S0215,qwen2_5_omni_7b,Aligned,0.009828598252363206,3.0563581273651192,0.3646559735342307,true,false,V
gen:accept_c_va:S0229,qwen2_5_omni_7b,Aligned,0.009328918589294159,3.6558925804992923,-0.12900840613069928,true,false,T/A
gen:accept_c_va:S0233,qwen2_5_omni_7b,Aligned,0.007428206783543463,4.00264990859077,-0.31338659609618724,true,false,T/A
gen:accept_c_va:S0238,qwen2_5_omni_7b,Aligned,0.011708777370962176,2.1064131721462025,0.029203747062395324,true,false,V
gen:accept_c_va:S0248,qwen2_5_omni_7b,Aligned,0.012239910231688453,1.9649347450854069,0.06678274441255327,true,false,V
gen:accept_c_va:S0249,qwen2_5_omni_7b,Aligned,0.012140141162785922,2.638392590414749,-0.5176680597883617,true,false,T/A
gen:accept_c_va:S0255,qwen2_5_omni_7b,Aligned,0.0134296803334215,0.7810958988517881,-0.48766882943470113,true,false,T/A
gen:accept_c_va:S0260,qwen2_5_omni_7b,Aligned,0.011241608028100097,3.2194830036500495,0.12263622978614623,true,false,V
gen:accept_c_va:S0264,qwen2_5_omni_7b,Aligned,0.011703282726852907,1.7324310136956067,0.014692893990502342,true,false,V
gen:accept_c_va:S0272,qwen2_5_omni_7b,Aligned,0.015956423381972642,2.871022217044667,-0.22200988620809872,true,false,T/A
gen:accept_c_va:S0273,qwen2_5_omni_7b,Aligned,0.010374540008698937,2.1050011604629515,0.3687227062269472,true,false,V
gen:accept_c_va:S0284,qwen2_5_omni_7b,Aligned,0.01304377964716706,3.855784439137989,-0.19891378721408148,true,false,T/A
gen:accept_c_va:S0302,qwen2_5_omni_7b,Aligned,0.016113535567479357,1.9357727939369043,0.14999834272314433,true,false,V
gen:accept_c_va:S0303,qwen2_5_omni_7b,Aligned,0.018649313522019602,3.1194488202005246,0.5409361667470916,true,false,V
gen:accept_c_va:S0304,qwen2_5_omni_7b,Aligned,0.01609497614439836,3.1730125058070633,0.20794589924027598,true,false,V
gen:accept_c_va:S0308,qwen2_5_omni_7b,Aligned,0.017573610126165595,4.124885240767564,-0.5079705132005568,true,false,T/A
gen:accept_c_va:S0309,qwen2_5_omni_7b,Aligned,0.019332871347055202,1.2352005268255613,0.4994622863913977,true,false,V
gen:accept_c_va:S0322,qwen2_5_omni_7b,Aligned,0.011670320449225238,2.48699780860874,0.5302512403687241,true,false,V
gen:accept_c_va:S0339,qwen2_5_omni_7b,Aligned,0.01270200079463133,1.4376864632499167,0.2753254668611683,true,false,V
gen:accept_c_va:S0351,qwen2_5_omni_7b,Aligned,0.010905147048655695,3.40173958393861,-0.1427430254759684,true,false,T/A
gen:accept_c_va:S0352,qwen2_5_omni_7b,Aligned,0.01569270991674097,4.765996184050195,-0.44015142070905494,true,false,T/A
gen:accept_c_va:S0357,qwen2_5_omni_7b,Aligned,0.01075582639082801,1.7164253322817133,0.6212334194366504,true,false,V
gen:accept_c_va:S0361,qwen2_5_omni_7b,Aligned,0.014001860169325345,2.531068943829609,0.8883348147897198,true,false,V
gen:accept_c_va:S0372,qwen2_5_omni_7b,Aligned,0.01460646644603774,2.4588347232438426,0.6241375706045602,true,false,V
gen:accept_c_va:S0374,qwen2_5_omni_7b,Aligned,0.012153466653394047,1.9321300158941948,0.40402355637259446,true,false,V
gen:accept_c_va:S0377,qwen2_5_omni_7b,Aligned,0.014961273387870405,2.668963470700839,-0.307499480733828,true,false,T/A
gen:accept_c_va:S0394,qwen2_5_omni_7b,Aligned,0.0181579379347036,3.144384820057697,-0.1893074913354541,true,false,T/A
gen:accept_c_va:S0397,qwen2_5_omni_7b,Aligned,0.01246654386475919,2.5709982108457865,-0.09155910192446821,true,false,T/A
gen:accept_c_va:S0399,qwen2_5_omni_7b,Aligned,0.012533281589665437,1.496829264491011,0.559425753044651,true,false,V
gen:accept_c_va:S0406,qwen2_5_omni_7b,Aligned,0.021214195105555944,1.341610916173408,0.4212631449660517,true,false,V
gen:accept_c_va:S0417,qwen2_5_omni_7b,Aligned,0.012871441731140638,2.6928463436596495,0.5042120121217906,true,false,V
gen:accept_c_va:S0426,qwen2_5_omni_7b,Aligned,0.021398091494330387,4.951388779738505,-0.4071394572860564,true,false,T/A
gen:accept_c_va:S0430,qwen2_5_omni_7b,Aligned,0.008951947582439968,7.384289017356606,-0.011287870423160956,true,true,T/A
gen:accept_c_va:S0438,qwen2_5_omni_7b,Aligned,0.017391657764919577,4.32463212441241,-0.15626299336108443,true,false,T/A
gen:accept_c_va:S0449,qwen2_5_omni_7b,Aligned,0.01418373120459044,0.7046756103205186,0.5316799070958174,true,false,V
gen:accept_c_va:S0455,qwen2_5_omni_7b,Aligned,0.020276626898852238,2.5982867117867605,0.09814023995959409,true,false,V
gen:accept_c_va:S0457,qwen2_5_omni_7b,Aligned,0.018204677520602976,1.0868169180185936,0.020732161310771113,true,false,V
gen:accept_c_va:S0480,qwen2_5_omni_7b,Aligned,0.022284979525158954,2.9924090071832286,0.4327184436850504,true,false,V
gen:accept_c_va:S0489,qwen2_5_omni_7b,Aligned,0.0128425700858618,4.970547633424005,0.26825637771225935,true,false,V
gen:accept_c_va:S0496,qwen2_5_omni_7b,Aligned,0.021743428548675947,1.3843167324979868,-0.5683784300799658,true,false,T/A
gen:accept_c_va:S0497,qwen2_5_omni_7b,Aligned,0.01762909850362324,0.992372824101278,0.01597263929096318,true,false,V
gen:accept_c_va:S0503,qwen2_5_omni_7b,Aligned,0.010791060616460341,2.4192430719418545,0.897577793881939,true,false,V
gen:accept_c_va:S0508,qwen2_5_omni_7b,Aligned,0.012546684189523436,4.731901989269838,0.9165718571007415,true,false,V
gen:accept_c_va:S0519,qwen2_5_omni_7b,Aligned,0.01573526656936157,1.8402082538780935,0.8209539356355915,true,false,V
gen:accept_c_va:S0521,qwen2_5_omni_7b,Aligned,0.011509264611159814,3.084551839284755,0.4076726043607324,true,false,V
gen:accept_c_va:S0530,qwen2_5_omni_7b,Aligned,0.012030061007977683,4.274324483804604,-0.6658134107238912,true,false,T/A
gen:accept_c_va:S0538,qwen2_5_omni_7b,Aligned,0.010264068527754676,0.902369805695095,0.8964665639289414,true,false,V
gen:accept_c_va:S0540,qwen2_5_omni_7b,Aligned,0.011572701626956505,3.0548817133393737,0.3324069633841969,true,false,V
gen:accept_c_va:S0543,qwen2_5_omni_7b,Aligned,0.0116809083933455,2.510975204991502,0.989641893822198,true,false,V
gen:accept_c_va:S0549,qwen2_5_omni_7b,Aligned,0.014431566991237333,3.1103628519873525,0.827699563028916,true,false,V
gen:accept_c_va:S0555,qwen2_5_omni_7b,Aligned,0.013740684148278856,2.239422503477268,0.16921664081879736,true,false,V
gen:accept_c_va:S0557,qwen2_5_omni_7b,Aligned,0.011116875405600234,1.6935061737222974,-0.074059508769931,true,false,T/A
gen:accept_c_va:S0567,qwen2_5_omni_7b,Aligned,0.01595999284627749,0.8581696806430925,-0.2576507644889127,true,false,T/A
gen:accept_c_va:S0571,qwen2_5_omni_7b,Aligned,0.011416199737214685,2.853766632217364,0.30437028018457296,true,false,V
gen:accept_c_va:S0575,qwen2_5_omni_7b,Aligned,0.013877466747720649,2.924733163359021,-0.20689857470826287,true,false,T/A
gen:accept_c_va:S0586,qwen2_5_omni_7b,Aligned,0.014679515597826149,5.752836426659825,0.08633724705143152,true,false,V
gen:accept_c_va:S0587,qwen2_5_omni_7b,Aligned,0.015241530408928403,3.453341088352171,-0.09423209312195485,true,false,T/A
gen:accept_c_va:S0593,qwen2_5_omni_7b,Aligned,0.014119771825721439,3.4180312527728085,-0.07731504387717712,true,false,T/A
gen:accept_c_va:S0604,qwen2_5_omni_7b,Aligned,0.00799681338330962,2.376563980969184,-0.2382945250102283,true,false,T/A
gen:accept_c_va:S0606,qwen2_5_omni_7b,Aligned,0.008813951135644527,3.546847341416247,-0.190832406726501,true,false,T/A
gen:accept_c_va:S0619,qwen2_5_omni_7b,Aligned,0.008643974342786583,3.542238367423904,-0.3804185310140028,true,false,T/A
gen:accept_c_va:S0624,qwen2_5_omni_7b,Aligned,0.016424613242227295,3.626478925196516,-0.37617525617885006,true,false,T/A
gen:accept_c_va:S0638,qwen2_5_omni_7b,Aligned,0.019479930935781903,3.465046257063217,-0.37893720127270714,true,false,T/A
gen:accept_c_va:S0641,qwen2_5_omni_7b,Aligned,0.008152427028544422,4.7832919498755935,-0.5301141493009419,true,false,T/A
gen:accept_c_va:S0642,qwen2_5_omni_7b,Aligned,0.01768428328867887,1.998915361796711,-0.08785306628434465,true,false,T/A
gen:accept_c_va:S0654,qwen2_5_omni_7b,Aligned,0.0133869360782071,3.9972385053893955,-0.3957373730001367,true,false,T/A
gen:accept_c_va:S0658,qwen2_5_omni_7b,Aligned,0.011483880009753615,3.157350615482111,-0.3515885819471028,true,false,T/A
gen:accept_c_va:S0669,qwen2_5_omni_7b,Aligned,0.013556307043362761,2.4153158645701276,0.3214059592721263,true,false,V
gen:accept_c_va:S0676,qwen2_5_omni_7b,Aligned,0.016176225678978473,2.1544642668930014,-0.45748859903720196,true,false,T/A
gen:accept_c_va:S0697,qwen2_5_omni_7b,Aligned,0.010503832504452018,3.346437655845634,-0.6473419095760873,true,false,T/A
gen:accept_c_va:S0699,qwen2_5_omni_7b,Aligned,0.011780837468197781,5.502097865222159,-0.48407158312728055,true,false,T/A
gen:accept_c_va:S0708,qwen2_5_omni_7b,Aligned,0.012229202135305898,2.7097945405199835,-0.4807964627634023,true,false,T/A
gen:accept_c_va:S0721,qwen2_5_omni_7b,Aligned,0.009341437761317774,2.6035956454188867,-0.8420976778803327,true,false,T/A
gen:accept_c_va:S0737,qwen2_5_omni_7b,Aligned,0.01128412707914208,1.8171271083229503,-0.3682062191306727,true,false,T/A
gen:accept_c_va:S0748,qwen2_5_omni_7b,Aligned,0.009868767736477891,2.02736015796064,-0.5153657806751123,true,false,T/A
gen:accept_c_va:S0750,qwen2_5_omni_7b,Aligned,0.015011734507114724,3.9504816880453895,-0.026909136466246947,true,false,T/A
gen:accept_c_va:S0755,qwen2_5_omni_7b,Aligned,0.011882497576200047,2.2506843575983773,-0.3226881634834679,true,false,T/A
gen:accept_c_va:S0764,qwen2_5_omni_7b,Aligned,0.01668546499340623,2.0420184254711953,0.2802292577332661,true,false,V
gen:accept_c_va:S0767,qwen2_5_omni_7b,Aligned,0.010839787472911889,5.689100320864528,-0.635493946767058,true,false,T/A
gen:accept_c_va:S0768,qwen2_5_omni_7b,Aligned,0.012453335964832552,1.8056184174762535,0.29395926743232287,true,false,V
gen:accept_c_va:S0783,qwen2_5_omni_7b,Aligned,0.014914818609037038,2.4606902030855204,0.25533827033279904,true,false,V
gen:accept_c_va:S0788,qwen2_5_omni_7b,Aligned,0.01018460098621092,3.1607482666334388,-0.2470464847947042,true,false,T/A
gen:accept_c_va:S0797,qwen2_5_omni_7b,Aligned,0.01459005626812552,3.06786595694938,-0.264095298294792,true,false,T/A
gen:accept_c_va:S0798,qwen2_5_omni_7b,Aligned,0.02046476275734704,3.0134930693625046,0.051859290792418404,true,false,V
gen:accept_c_va:S0799,qwen2_5_omni_7b,Aligned,0.01228095606144352,5.3711994308778985,-0.49934520205765986,true,false,T/A
gen:accept_c_va:S0802,qwen2_5_omni_7b,Aligned,0.012374171159410384,1.8339667941908477,0.029530458148332796,true,false,V
gen:accept_c_va:S0803,qwen2_5_omni_7b,Aligned,0.012243861973957505,5.389456847703864,-0.3206253533382305,true,false,T/A
gen:accept_c_va:S0804,qwen2_5_omni_7b,Aligned,0.015090620324107339,1.3209864587712883,-0.06994070588277006,true,false,T/A
gen:accept_c_va:S0830,qwen2_5_omni_7b,Aligned,0.020056772411299773,2.960611747577437,0.27685084437852564,true,false,V
gen:accept_c_va:S0833,qwen2_5_omni_7b,Aligned,0.01779384930940016,3.026725812925747,0.26459924991621264,true,false,V
gen:accept_c_va:S0837,qwen2_5_omni_7b,Aligned,0.015148577743818758,4.063064044232843,-0.22808950472019077,true,false,T/A
gen:accept_c_va:S0843,qwen2_5_omni_7b,Aligned,0.020591257929605034,2.2227660470587427,0.04435323269502523,true,false,V
gen:accept_c_va:S0856,qwen2_5_omni_7b,Aligned,0.019539714342695847,2.4450545266109898,-0.16742441277814568,true,false,T/A
gen:accept_c_va:S0857,qwen2_5_omni_7b,Aligned,0.014569158075841542,2.4566139365098594,-0.41970503517939467,true,false,T/A
gen:accept_c_va:S0865,qwen2_5_omni_7b,Aligned,0.022751438731538273,2.7625503934558315,-0.09213545805212858,true,false,T/A
gen:accept_c_va:S0866,qwen2_5_omni_7b,Aligned,0.018077110343498026,4.0853809457947445,-0.31971078218639437,true,false,T/A
gen:accept_c_va:S0874,qwen2_5_omni_7b,Aligned,0.012997689878192322,2.8024326723541395,0.41753726245358813,true,false,V
gen:accept_c_va:S0899,qwen2_5_omni_7b,Aligned,0.015956393282801812,6.059072487100531,-0.2093176721790236,true,true,T/A
gen:accept_c_va:S0907,qwen2_5_omni_7b,Aligned,0.010071448578333987,3.6947016488517863,-0.1915506316058215,true,false,T/A
gen:accept_c_va:S0915,qwen2_5_omni_7b,Aligned,0.020067951917518364,2.565563443768572,-0.42926847190716105,true,false,T/A
gen:accept_c_va:S0921,qwen2_5_omni_7b,Aligned,0.013104920827321875,1.7624947946732146,0.7893867472148295,true,false,V
gen:accept_c_va:S0931,qwen2_5_omni_7b,Aligned,0.014225093844020348,4.220912784104972,-0.014426121465528038,true,false,T/A
gen:accept_c_va:S0938,qwen2_5_omni_7b,Aligned,0.014294614638004294,0.7263335802292976,-0.7329653394530724,true,false,T/A
gen:accept_c_va:S0942,qwen2_5_omni_7b,Aligned,0.01730505123999975,1.8965423319459946,0.7214526608515555,true,false,V
gen:accept_c_va:S0948,qwen2_5_omni_7b,Aligned,0.015298413179983816,2.5286603081249943,0.20794680227981752,true,false,V
gen:accept_c_va:S0956,qwen2_5_omni_7b,Aligned,0.01740275824808413,4.343594539545903,-0.47156017535600464,true,false,T/A
gen:accept_c_va:S0957,qwen2_5_omni_7b,Aligned,0.014398961491347449,2.535486322726371,-0.26825998750624014,true,false,T/A
gen:accept_c_va:S0964,qwen2_5_omni_7b,Aligned,0.017236969264882617,3.4338307814377123,-0.04711027864262351,true,false,T/A
gen:accept_c_va:S0966,qwen2_5_omni_7b,Aligned,0.015884276023515078,3.5276481692977,-0.7389720492521411,true,false,T/A
gen:accept_c_va:S0972,qwen2_5_omni_7b,Aligned,0.015537340980024558,3.7120043469308874,-0.03985309913933324,true,false,T/A
gen:accept_c_va:S0976,qwen2_5_omni_7b,Aligned,0.01045838972347924,2.6413823673153622,0.3606412592810522,true,false,V
gen:accept_c_va:S0985,qwen2_5_omni_7b,Aligned,0.01052222934847479,0.5450580523549716,0.4122780613414398,true,false,V
gen:accept_c_va:S0994,qwen2_5_omni_7b,Aligned,0.010774271653878696,1.9170354226995332,0.3401389699693168,true,false,V
gen:accept_c_va:S0999,qwen2_5_omni_7b,Aligned,0.015401910563601129,4.577800275887271,-0.09699197413321299,true,false,T/A
gen:accept_c_va:S1018,qwen2_5_omni_7b,Aligned,0.018156039950441995,3.9963556493447703,-0.005096719611316741,true,false,T/A
gen:accept_c_va:S1026,qwen2_5_omni_7b,Aligned,0.018238149924771664,1.2333645542366127,-0.20352290170859502,true,false,T/A
gen:accept_c_va:S1033,qwen2_5_omni_7b,Aligned,0.014812990623082221,5.131275348009703,-0.155034651577975,true,false,T/A
gen:accept_c_va:S1034,qwen2_5_omni_7b,Aligned,0.0104933901554991,4.738967451588324,-0.7661354487415486,true,false,T/A
gen:accept_c_va:S1035,qwen2_5_omni_7b,Aligned,0.016785614474724524,1.5218086980638024,-0.3864306752214011,true,false,T/A
gen:accept_c_va:S1036,qwen2_5_omni_7b,Aligned,0.008121783035396521,1.293502844797146,-0.45759350093057427,true,false,T/A
gen:accept_c_va:S1044,qwen2_5_omni_7b,Aligned,0.012274077278196271,1.178512321446719,-0.5551407266465301,true,false,T/A
gen:accept_c_va:S1046,qwen2_5_omni_7b,Aligned,0.008641409555171887,3.5455367823719874,-0.5521538181392193,true,false,T/A
gen:accept_c_va:S1052,qwen2_5_omni_7b,Aligned,0.00951115490670592,4.6257526497495585,-0.4121338824542267,true,false,T/A
gen:accept_c_va:S1057,qwen2_5_omni_7b,Aligned,0.019120317164080216,2.425260955851773,-0.05505045455293312,true,false,T/A
gen:accept_c_va:S1069,qwen2_5_omni_7b,Aligned,0.013556891500478091,5.786318781604892,-0.3680150302172867,true,false,T/A
gen:accept_c_va:S1075,qwen2_5_omni_7b,Aligned,0.009749364367238817,6.6297085934556526,-0.534147344057641,true,true,T/A
gen:accept_c_va:S1085,qwen2_5_omni_7b,Aligned,0.012583104701633348,4.041557513005782,-0.07395568725336114,true,false,T/A
gen:accept_c_va:S1089,qwen2_5_omni_7b,Aligned,0.012960391798120766,4.507216398033389,-0.3557818970638302,true,false,T/A
