encoder,model,seed,val_balanced_accuracy_ac,val_D_gap,val_D_mannwhitney_p,val_state_separation
ca_tme_gru,gemma3_12b,20260717,0.6337772397094431,1.543062686920166,3.331416022104435e-15,"{'val_aligned_D_mean': 4.743575572967529, 'val_conflict_D_mean': 6.286638259887695, 'val_D_gap': 1.543062686920166, 'val_D_effect_size': 0.6955007314682007, 'val_D_pair_margin_satisfaction': 0.6947818994522095, 'val_aligned_split_angle_deg_mean': 31.586172103881836, 'val_conflict_split_angle_deg_mean': 41.79386901855469, 'val_split_angle_gap_deg': 10.207696914672852, 'val_raw_theta_gap_rad': 0.17815792560577393, 'val_raw_theta_gap_deg': 10.207696914672852, 'val_split_angle_effect_size': 0.7203956842422485, 'val_angular_pair_margin_satisfaction': 0.6992462277412415, 'val_D_mannwhitney_p': 3.331416022104435e-15}"
ca_tme_gru,gemma3_12b,20260718,0.5691477862331373,0.3834695816040039,0.7039565899581152,"{'val_aligned_D_mean': 8.915125846862793, 'val_conflict_D_mean': 9.298595428466797, 'val_D_gap': 0.3834695816040039, 'val_D_effect_size': 0.11157072335481644, 'val_D_pair_margin_satisfaction': 0.5093969702720642, 'val_aligned_split_angle_deg_mean': 69.8106689453125, 'val_conflict_split_angle_deg_mean': 71.20703887939453, 'val_split_angle_gap_deg': 1.396370768547058, 'val_raw_theta_gap_rad': 0.02437126636505127, 'val_raw_theta_gap_deg': 1.396370768547058, 'val_split_angle_effect_size': 0.07647265493869781, 'val_angular_pair_margin_satisfaction': 0.5100671648979187, 'val_D_mannwhitney_p': 0.7039565899581152}"
ca_tme_gru,gemma3_12b,20260719,0.5963352502017756,-0.2692899703979492,0.1964758299925924,"{'val_aligned_D_mean': 8.290022850036621, 'val_conflict_D_mean': 8.020732879638672, 'val_D_gap': -0.2692899703979492, 'val_D_effect_size': -0.07394824922084808, 'val_D_pair_margin_satisfaction': 0.46806177496910095, 'val_aligned_split_angle_deg_mean': 39.98837661743164, 'val_conflict_split_angle_deg_mean': 38.78593444824219, 'val_split_angle_gap_deg': -1.2024445533752441, 'val_raw_theta_gap_rad': -0.020986616611480713, 'val_raw_theta_gap_deg': -1.2024445533752441, 'val_split_angle_effect_size': -0.09299985319375992, 'val_angular_pair_margin_satisfaction': 0.4594935178756714, 'val_D_mannwhitney_p': 0.1964758299925924}"
ca_tme_gru,gemma3_4b,20260717,0.6243406260809408,1.094034194946289,0.010196118378721987,"{'val_aligned_D_mean': 6.457595348358154, 'val_conflict_D_mean': 7.551629543304443, 'val_D_gap': 1.094034194946289, 'val_D_effect_size': 0.3065440058708191, 'val_D_pair_margin_satisfaction': 0.5635232925415039, 'val_aligned_split_angle_deg_mean': 46.201011657714844, 'val_conflict_split_angle_deg_mean': 56.50740432739258, 'val_split_angle_gap_deg': 10.30639362335205, 'val_raw_theta_gap_rad': 0.17988049983978271, 'val_raw_theta_gap_deg': 10.30639362335205, 'val_split_angle_effect_size': 0.5791575908660889, 'val_angular_pair_margin_satisfaction': 0.6549132466316223, 'val_D_mannwhitney_p': 0.010196118378721987}"
ca_tme_gru,gemma3_4b,20260718,0.5816939063761097,-0.7874722480773926,0.0004387489237482219,"{'val_aligned_D_mean': 7.67227840423584, 'val_conflict_D_mean': 6.884806156158447, 'val_D_gap': -0.7874722480773926, 'val_D_effect_size': -0.28055402636528015, 'val_D_pair_margin_satisfaction': 0.4130743145942688, 'val_aligned_split_angle_deg_mean': 48.11765670776367, 'val_conflict_split_angle_deg_mean': 44.7066535949707, 'val_split_angle_gap_deg': -3.4110000133514404, 'val_raw_theta_gap_rad': -0.05953317880630493, 'val_raw_theta_gap_deg': -3.4110000133514404, 'val_split_angle_effect_size': -0.1869807243347168, 'val_angular_pair_margin_satisfaction': 0.42085710167884827, 'val_D_mannwhitney_p': 0.0004387489237482219}"
ca_tme_gru,gemma3_4b,20260719,0.5510726536377263,-0.34431934356689453,0.007550118524602293,"{'val_aligned_D_mean': 5.453976631164551, 'val_conflict_D_mean': 5.109657287597656, 'val_D_gap': -0.34431934356689453, 'val_D_effect_size': -0.1986374855041504, 'val_D_pair_margin_satisfaction': 0.4339436888694763, 'val_aligned_split_angle_deg_mean': 41.108951568603516, 'val_conflict_split_angle_deg_mean': 38.353485107421875, 'val_split_angle_gap_deg': -2.7554657459259033, 'val_raw_theta_gap_rad': -0.04809194803237915, 'val_raw_theta_gap_deg': -2.7554657459259033, 'val_split_angle_effect_size': -0.18613463640213013, 'val_angular_pair_margin_satisfaction': 0.42697522044181824, 'val_D_mannwhitney_p': 0.007550118524602293}"
ca_tme_gru,gemma4_12b,20260717,0.4987417666739746,1.5366477966308594,0.053772374696085715,"{'val_aligned_D_mean': 23.758237838745117, 'val_conflict_D_mean': 25.294885635375977, 'val_D_gap': 1.5366477966308594, 'val_D_effect_size': 0.194132000207901, 'val_D_pair_margin_satisfaction': 0.5804650187492371, 'val_aligned_split_angle_deg_mean': 151.63636779785156, 'val_conflict_split_angle_deg_mean': 152.05532836914062, 'val_split_angle_gap_deg': 0.41896381974220276, 'val_raw_theta_gap_rad': 0.007312297821044922, 'val_raw_theta_gap_deg': 0.41896381974220276, 'val_split_angle_effect_size': 0.025635866448283195, 'val_angular_pair_margin_satisfaction': 0.5119484663009644, 'val_D_mannwhitney_p': 0.053772374696085715}"
ca_tme_gru,gemma4_12b,20260718,0.48015422890314463,-0.09264087677001953,0.8440403848452418,"{'val_aligned_D_mean': 9.11199951171875, 'val_conflict_D_mean': 9.01935863494873, 'val_D_gap': -0.09264087677001953, 'val_D_effect_size': -0.02196992002427578, 'val_D_pair_margin_satisfaction': 0.5082119107246399, 'val_aligned_split_angle_deg_mean': 62.42325973510742, 'val_conflict_split_angle_deg_mean': 58.911251068115234, 'val_split_angle_gap_deg': -3.5120081901550293, 'val_raw_theta_gap_rad': -0.06129610538482666, 'val_raw_theta_gap_deg': -3.5120081901550293, 'val_split_angle_effect_size': -0.21882036328315735, 'val_angular_pair_margin_satisfaction': 0.4375792443752289, 'val_D_mannwhitney_p': 0.8440403848452418}"
ca_tme_gru,gemma4_12b,20260719,0.49493370444861734,0.49689388275146484,0.10612331225305253,"{'val_aligned_D_mean': 9.725617408752441, 'val_conflict_D_mean': 10.222511291503906, 'val_D_gap': 0.49689388275146484, 'val_D_effect_size': 0.1788114458322525, 'val_D_pair_margin_satisfaction': 0.5674155950546265, 'val_aligned_split_angle_deg_mean': 38.11591720581055, 'val_conflict_split_angle_deg_mean': 38.24273681640625, 'val_split_angle_gap_deg': 0.12681953608989716, 'val_raw_theta_gap_rad': 0.002213418483734131, 'val_raw_theta_gap_deg': 0.12681953608989716, 'val_split_angle_effect_size': 0.023321501910686493, 'val_angular_pair_margin_satisfaction': 0.5073635578155518, 'val_D_mannwhitney_p': 0.10612331225305253}"
ca_tme_gru,glm4_6v_flash,20260717,0.5196118701717976,0.19482183456420898,0.8665070576423428,"{'val_aligned_D_mean': 4.063788414001465, 'val_conflict_D_mean': 4.258610248565674, 'val_D_gap': 0.19482183456420898, 'val_D_effect_size': 0.07688353210687637, 'val_D_pair_margin_satisfaction': 0.5041580200195312, 'val_aligned_split_angle_deg_mean': 44.960994720458984, 'val_conflict_split_angle_deg_mean': 47.532169342041016, 'val_split_angle_gap_deg': 2.5711734294891357, 'val_raw_theta_gap_rad': 0.04487544298171997, 'val_raw_theta_gap_deg': 2.5711734294891357, 'val_split_angle_effect_size': 0.09773115068674088, 'val_angular_pair_margin_satisfaction': 0.5187290906906128, 'val_D_mannwhitney_p': 0.8665070576423428}"
ca_tme_gru,glm4_6v_flash,20260718,0.5401443416349591,0.289154052734375,0.16612055782131263,"{'val_aligned_D_mean': 7.050808906555176, 'val_conflict_D_mean': 7.339962959289551, 'val_D_gap': 0.289154052734375, 'val_D_effect_size': 0.14656007289886475, 'val_D_pair_margin_satisfaction': 0.5342406034469604, 'val_aligned_split_angle_deg_mean': 75.49053192138672, 'val_conflict_split_angle_deg_mean': 78.58863830566406, 'val_split_angle_gap_deg': 3.0981054306030273, 'val_raw_theta_gap_rad': 0.05407214164733887, 'val_raw_theta_gap_deg': 3.0981054306030273, 'val_split_angle_effect_size': 0.16000604629516602, 'val_angular_pair_margin_satisfaction': 0.5440014600753784, 'val_D_mannwhitney_p': 0.16612055782131263}"
ca_tme_gru,glm4_6v_flash,20260719,0.5356728496483338,-0.5061511993408203,0.02506855935926268,"{'val_aligned_D_mean': 9.533675193786621, 'val_conflict_D_mean': 9.0275239944458, 'val_D_gap': -0.5061511993408203, 'val_D_effect_size': -0.16234968602657318, 'val_D_pair_margin_satisfaction': 0.44460538029670715, 'val_aligned_split_angle_deg_mean': 55.49919128417969, 'val_conflict_split_angle_deg_mean': 53.384883880615234, 'val_split_angle_gap_deg': -2.1143054962158203, 'val_raw_theta_gap_rad': -0.03690159320831299, 'val_raw_theta_gap_deg': -2.1143054962158203, 'val_split_angle_effect_size': -0.13339939713478088, 'val_angular_pair_margin_satisfaction': 0.4613995850086212, 'val_D_mannwhitney_p': 0.02506855935926268}"
ca_tme_gru,internvl3_5_8b,20260717,0.6043630375879165,-1.315436840057373,2.7239180423846757e-06,"{'val_aligned_D_mean': 7.732239723205566, 'val_conflict_D_mean': 6.416802883148193, 'val_D_gap': -1.315436840057373, 'val_D_effect_size': -0.37947651743888855, 'val_D_pair_margin_satisfaction': 0.38402223587036133, 'val_aligned_split_angle_deg_mean': 87.25408172607422, 'val_conflict_split_angle_deg_mean': 75.53887939453125, 'val_split_angle_gap_deg': -11.715202331542969, 'val_raw_theta_gap_rad': -0.20446884632110596, 'val_raw_theta_gap_deg': -11.715202331542969, 'val_split_angle_effect_size': -0.3761395215988159, 'val_angular_pair_margin_satisfaction': 0.3896503448486328, 'val_D_mannwhitney_p': 2.7239180423846757e-06}"
ca_tme_gru,internvl3_5_8b,20260718,0.5923393721895538,-0.46697521209716797,0.14401738060476574,"{'val_aligned_D_mean': 7.392405986785889, 'val_conflict_D_mean': 6.925430774688721, 'val_D_gap': -0.46697521209716797, 'val_D_effect_size': -0.1152917817234993, 'val_D_pair_margin_satisfaction': 0.4638749361038208, 'val_aligned_split_angle_deg_mean': 90.82891845703125, 'val_conflict_split_angle_deg_mean': 90.36613464355469, 'val_split_angle_gap_deg': -0.46278631687164307, 'val_raw_theta_gap_rad': -0.008077144622802734, 'val_raw_theta_gap_deg': -0.46278631687164307, 'val_split_angle_effect_size': -0.011614425107836723, 'val_angular_pair_margin_satisfaction': 0.48988237977027893, 'val_D_mannwhitney_p': 0.14401738060476574}"
ca_tme_gru,internvl3_5_8b,20260719,0.6009274472500865,-1.4952688217163086,0.00011252861741071824,"{'val_aligned_D_mean': 11.208006858825684, 'val_conflict_D_mean': 9.712738037109375, 'val_D_gap': -1.4952688217163086, 'val_D_effect_size': -0.31266504526138306, 'val_D_pair_margin_satisfaction': 0.40451326966285706, 'val_aligned_split_angle_deg_mean': 68.3571548461914, 'val_conflict_split_angle_deg_mean': 62.11701202392578, 'val_split_angle_gap_deg': -6.240142822265625, 'val_raw_theta_gap_rad': -0.10891103744506836, 'val_raw_theta_gap_deg': -6.240142822265625, 'val_split_angle_effect_size': -0.32972031831741333, 'val_angular_pair_margin_satisfaction': 0.39599546790122986, 'val_D_mannwhitney_p': 0.00011252861741071824}"
ca_tme_gru,llava_onevision_qwen2_7b,20260717,0.6271564769975787,1.6649675369262695,3.055304160754853e-10,"{'val_aligned_D_mean': 7.289836883544922, 'val_conflict_D_mean': 8.954804420471191, 'val_D_gap': 1.6649675369262695, 'val_D_effect_size': 0.5368751287460327, 'val_D_pair_margin_satisfaction': 0.6556698679924011, 'val_aligned_split_angle_deg_mean': 43.2565803527832, 'val_conflict_split_angle_deg_mean': 54.86638641357422, 'val_split_angle_gap_deg': 11.609808921813965, 'val_raw_theta_gap_rad': 0.20262938737869263, 'val_raw_theta_gap_deg': 11.609808921813965, 'val_split_angle_effect_size': 0.6860774755477905, 'val_angular_pair_margin_satisfaction': 0.685817301273346, 'val_D_mannwhitney_p': 3.055304160754853e-10}"
ca_tme_gru,llava_onevision_qwen2_7b,20260718,0.5751091750259426,-0.4928092956542969,0.04820492747681903,"{'val_aligned_D_mean': 10.367878913879395, 'val_conflict_D_mean': 9.875069618225098, 'val_D_gap': -0.4928092956542969, 'val_D_effect_size': -0.15944495797157288, 'val_D_pair_margin_satisfaction': 0.4511522650718689, 'val_aligned_split_angle_deg_mean': 80.70064544677734, 'val_conflict_split_angle_deg_mean': 79.00617980957031, 'val_split_angle_gap_deg': -1.694467544555664, 'val_raw_theta_gap_rad': -0.029574036598205566, 'val_raw_theta_gap_deg': -1.694467544555664, 'val_split_angle_effect_size': -0.0981806293129921, 'val_angular_pair_margin_satisfaction': 0.47071731090545654, 'val_D_mannwhitney_p': 0.04820492747681903}"
ca_tme_gru,llava_onevision_qwen2_7b,20260719,0.6087840856681656,1.305222511291504,7.823404802965493e-10,"{'val_aligned_D_mean': 5.188586235046387, 'val_conflict_D_mean': 6.493808746337891, 'val_D_gap': 1.305222511291504, 'val_D_effect_size': 0.5495134592056274, 'val_D_pair_margin_satisfaction': 0.6520234942436218, 'val_aligned_split_angle_deg_mean': 33.71968078613281, 'val_conflict_split_angle_deg_mean': 44.03226852416992, 'val_split_angle_gap_deg': 10.312588691711426, 'val_raw_theta_gap_rad': 0.17998862266540527, 'val_raw_theta_gap_deg': 10.312588691711426, 'val_split_angle_effect_size': 0.7017615437507629, 'val_angular_pair_margin_satisfaction': 0.6905482411384583, 'val_D_mannwhitney_p': 7.823404802965493e-10}"
ca_tme_gru,llava_v1_5_7b,20260717,0.6652416263115416,1.4297184944152832,2.01407556472501e-07,"{'val_aligned_D_mean': 4.098556041717529, 'val_conflict_D_mean': 5.5282745361328125, 'val_D_gap': 1.4297184944152832, 'val_D_effect_size': 0.4823807179927826, 'val_D_pair_margin_satisfaction': 0.6285238265991211, 'val_aligned_split_angle_deg_mean': 46.0178108215332, 'val_conflict_split_angle_deg_mean': 63.52560806274414, 'val_split_angle_gap_deg': 17.507801055908203, 'val_raw_theta_gap_rad': 0.30556875467300415, 'val_raw_theta_gap_deg': 17.507801055908203, 'val_split_angle_effect_size': 0.7535591721534729, 'val_angular_pair_margin_satisfaction': 0.7048959136009216, 'val_D_mannwhitney_p': 2.01407556472501e-07}"
ca_tme_gru,llava_v1_5_7b,20260718,0.6624113628502248,1.747361183166504,8.06038217518045e-12,"{'val_aligned_D_mean': 3.897228717803955, 'val_conflict_D_mean': 5.644589900970459, 'val_D_gap': 1.747361183166504, 'val_D_effect_size': 0.6223568916320801, 'val_D_pair_margin_satisfaction': 0.669059157371521, 'val_aligned_split_angle_deg_mean': 40.46072006225586, 'val_conflict_split_angle_deg_mean': 60.18818664550781, 'val_split_angle_gap_deg': 19.727468490600586, 'val_raw_theta_gap_rad': 0.3443092703819275, 'val_raw_theta_gap_deg': 19.727468490600586, 'val_split_angle_effect_size': 0.7927217483520508, 'val_angular_pair_margin_satisfaction': 0.7135902643203735, 'val_D_mannwhitney_p': 8.06038217518045e-12}"
ca_tme_gru,llava_v1_5_7b,20260719,0.5784781073446328,-1.649479866027832,1.1366867236670976e-07,"{'val_aligned_D_mean': 11.225059509277344, 'val_conflict_D_mean': 9.575579643249512, 'val_D_gap': -1.649479866027832, 'val_D_effect_size': -0.4511870741844177, 'val_D_pair_margin_satisfaction': 0.3688710629940033, 'val_aligned_split_angle_deg_mean': 73.23976135253906, 'val_conflict_split_angle_deg_mean': 64.50773620605469, 'val_split_angle_gap_deg': -8.732028007507324, 'val_raw_theta_gap_rad': -0.15240263938903809, 'val_raw_theta_gap_deg': -8.732028007507324, 'val_split_angle_effect_size': -0.501306414604187, 'val_angular_pair_margin_satisfaction': 0.3579787611961365, 'val_D_mannwhitney_p': 1.1366867236670976e-07}"
ca_tme_gru,minicpm_v_2_6,20260717,0.6031812089242476,0.8413205146789551,5.379724262530551e-12,"{'val_aligned_D_mean': 3.413054943084717, 'val_conflict_D_mean': 4.254375457763672, 'val_D_gap': 0.8413205146789551, 'val_D_effect_size': 0.5960461497306824, 'val_D_pair_margin_satisfaction': 0.6704859733581543, 'val_aligned_split_angle_deg_mean': 38.4336051940918, 'val_conflict_split_angle_deg_mean': 48.03095626831055, 'val_split_angle_gap_deg': 9.597352027893066, 'val_raw_theta_gap_rad': 0.1675053834915161, 'val_raw_theta_gap_deg': 9.597352027893066, 'val_split_angle_effect_size': 0.624344527721405, 'val_angular_pair_margin_satisfaction': 0.6766040921211243, 'val_D_mannwhitney_p': 5.379724262530551e-12}"
ca_tme_gru,minicpm_v_2_6,20260718,0.5369159316268881,0.904475212097168,0.003909969186223031,"{'val_aligned_D_mean': 10.436559677124023, 'val_conflict_D_mean': 11.341034889221191, 'val_D_gap': 0.904475212097168, 'val_D_effect_size': 0.2831423580646515, 'val_D_pair_margin_satisfaction': 0.5713420510292053, 'val_aligned_split_angle_deg_mean': 127.28516387939453, 'val_conflict_split_angle_deg_mean': 130.63763427734375, 'val_split_angle_gap_deg': 3.352461814880371, 'val_raw_theta_gap_rad': 0.05851149559020996, 'val_raw_theta_gap_deg': 3.352461814880371, 'val_split_angle_effect_size': 0.1775984764099121, 'val_angular_pair_margin_satisfaction': 0.5527498722076416, 'val_D_mannwhitney_p': 0.003909969186223031}"
ca_tme_gru,minicpm_v_2_6,20260719,0.5231717687074829,0.1741774082183838,0.02601970345725244,"{'val_aligned_D_mean': 2.724393367767334, 'val_conflict_D_mean': 2.8985707759857178, 'val_D_gap': 0.1741774082183838, 'val_D_effect_size': 0.1608724594116211, 'val_D_pair_margin_satisfaction': 0.5550379157066345, 'val_aligned_split_angle_deg_mean': 44.290794372558594, 'val_conflict_split_angle_deg_mean': 44.036415100097656, 'val_split_angle_gap_deg': -0.25437673926353455, 'val_raw_theta_gap_rad': -0.004439711570739746, 'val_raw_theta_gap_deg': -0.25437673926353455, 'val_split_angle_effect_size': -0.014548653736710548, 'val_angular_pair_margin_satisfaction': 0.49187129735946655, 'val_D_mannwhitney_p': 0.02601970345725244}"
ca_tme_gru,minicpm_v_4_5,20260717,0.6184729188285484,0.2926907539367676,0.08954543539122194,"{'val_aligned_D_mean': 5.18764591217041, 'val_conflict_D_mean': 5.480336666107178, 'val_D_gap': 0.2926907539367676, 'val_D_effect_size': 0.1173647865653038, 'val_D_pair_margin_satisfaction': 0.5419801473617554, 'val_aligned_split_angle_deg_mean': 93.02527618408203, 'val_conflict_split_angle_deg_mean': 97.16895294189453, 'val_split_angle_gap_deg': 4.143671035766602, 'val_raw_theta_gap_rad': 0.07232069969177246, 'val_raw_theta_gap_deg': 4.143671035766602, 'val_split_angle_effect_size': 0.11653520911931992, 'val_angular_pair_margin_satisfaction': 0.5328317880630493, 'val_D_mannwhitney_p': 0.08954543539122194}"
ca_tme_gru,minicpm_v_4_5,20260718,0.567816427418425,-0.06594657897949219,0.34855625950239266,"{'val_aligned_D_mean': 5.46701717376709, 'val_conflict_D_mean': 5.401070594787598, 'val_D_gap': -0.06594657897949219, 'val_D_effect_size': -0.021298300474882126, 'val_D_pair_margin_satisfaction': 0.47682100534439087, 'val_aligned_split_angle_deg_mean': 90.00390625, 'val_conflict_split_angle_deg_mean': 87.67373657226562, 'val_split_angle_gap_deg': -2.330166816711426, 'val_raw_theta_gap_rad': -0.04066908359527588, 'val_raw_theta_gap_deg': -2.330166816711426, 'val_split_angle_effect_size': -0.06409457325935364, 'val_angular_pair_margin_satisfaction': 0.47784069180488586, 'val_D_mannwhitney_p': 0.34855625950239266}"
ca_tme_gru,minicpm_v_4_5,20260719,0.5284287443791076,-0.694861888885498,0.0003399464045767234,"{'val_aligned_D_mean': 6.220827102661133, 'val_conflict_D_mean': 5.525965213775635, 'val_D_gap': -0.694861888885498, 'val_D_effect_size': -0.27058205008506775, 'val_D_pair_margin_satisfaction': 0.4114132821559906, 'val_aligned_split_angle_deg_mean': 52.05355453491211, 'val_conflict_split_angle_deg_mean': 46.12060546875, 'val_split_angle_gap_deg': -5.932948112487793, 'val_raw_theta_gap_rad': -0.10354948043823242, 'val_raw_theta_gap_deg': -5.932948112487793, 'val_split_angle_effect_size': -0.3379670977592468, 'val_angular_pair_margin_satisfaction': 0.40404486656188965, 'val_D_mannwhitney_p': 0.0003399464045767234}"
ca_tme_gru,phi3_5_vision,20260717,0.5474172719935432,-0.8974471092224121,0.00028631094706093615,"{'val_aligned_D_mean': 6.870278358459473, 'val_conflict_D_mean': 5.9728312492370605, 'val_D_gap': -0.8974471092224121, 'val_D_effect_size': -0.32011064887046814, 'val_D_pair_margin_satisfaction': 0.4103107154369354, 'val_aligned_split_angle_deg_mean': 57.88320541381836, 'val_conflict_split_angle_deg_mean': 52.992244720458984, 'val_split_angle_gap_deg': -4.890958309173584, 'val_raw_theta_gap_rad': -0.08536332845687866, 'val_raw_theta_gap_deg': -4.890958309173584, 'val_split_angle_effect_size': -0.3390793204307556, 'val_angular_pair_margin_satisfaction': 0.40439435839653015, 'val_D_mannwhitney_p': 0.00028631094706093615}"
ca_tme_gru,phi3_5_vision,20260718,0.6417293612360198,1.4709153175354004,5.012572057669768e-10,"{'val_aligned_D_mean': 3.6344170570373535, 'val_conflict_D_mean': 5.105332374572754, 'val_D_gap': 1.4709153175354004, 'val_D_effect_size': 0.5277929902076721, 'val_D_pair_margin_satisfaction': 0.6537601947784424, 'val_aligned_split_angle_deg_mean': 43.58867645263672, 'val_conflict_split_angle_deg_mean': 61.470767974853516, 'val_split_angle_gap_deg': 17.882091522216797, 'val_raw_theta_gap_rad': 0.3121013641357422, 'val_raw_theta_gap_deg': 17.882091522216797, 'val_split_angle_effect_size': 0.7460586428642273, 'val_angular_pair_margin_satisfaction': 0.705137312412262, 'val_D_mannwhitney_p': 5.012572057669768e-10}"
ca_tme_gru,phi3_5_vision,20260719,0.5558017698604866,-0.1522984504699707,0.3124418885397857,"{'val_aligned_D_mean': 5.607507228851318, 'val_conflict_D_mean': 5.455208778381348, 'val_D_gap': -0.1522984504699707, 'val_D_effect_size': -0.12315069884061813, 'val_D_pair_margin_satisfaction': 0.4750230610370636, 'val_aligned_split_angle_deg_mean': 59.94124221801758, 'val_conflict_split_angle_deg_mean': 60.25546646118164, 'val_split_angle_gap_deg': 0.3142228424549103, 'val_raw_theta_gap_rad': 0.005484223365783691, 'val_raw_theta_gap_deg': 0.3142228424549103, 'val_split_angle_effect_size': 0.02352517656981945, 'val_angular_pair_margin_satisfaction': 0.5065324902534485, 'val_D_mannwhitney_p': 0.3124418885397857}"
ca_tme_gru,qwen2_5_omni_7b,20260717,0.5957925440143362,0.7396564483642578,0.0014676384046586363,"{'val_aligned_D_mean': 3.3277831077575684, 'val_conflict_D_mean': 4.067439556121826, 'val_D_gap': 0.7396564483642578, 'val_D_effect_size': 0.5015965104103088, 'val_D_pair_margin_satisfaction': 0.6327102780342102, 'val_aligned_split_angle_deg_mean': 31.958660125732422, 'val_conflict_split_angle_deg_mean': 40.21544647216797, 'val_split_angle_gap_deg': 8.256787300109863, 'val_raw_theta_gap_rad': 0.1441081166267395, 'val_raw_theta_gap_deg': 8.256787300109863, 'val_split_angle_effect_size': 0.5267360210418701, 'val_angular_pair_margin_satisfaction': 0.6311088800430298, 'val_D_mannwhitney_p': 0.0014676384046586363}"
ca_tme_gru,qwen2_5_omni_7b,20260718,0.5391434481312375,-0.7643833160400391,0.047849280174264514,"{'val_aligned_D_mean': 9.796736717224121, 'val_conflict_D_mean': 9.032353401184082, 'val_D_gap': -0.7643833160400391, 'val_D_effect_size': -0.28662240505218506, 'val_D_pair_margin_satisfaction': 0.4174475073814392, 'val_aligned_split_angle_deg_mean': 76.60346984863281, 'val_conflict_split_angle_deg_mean': 73.12910461425781, 'val_split_angle_gap_deg': -3.474360227584839, 'val_raw_theta_gap_rad': -0.060639023780822754, 'val_raw_theta_gap_deg': -3.474360227584839, 'val_split_angle_effect_size': -0.22715185582637787, 'val_angular_pair_margin_satisfaction': 0.44227856397628784, 'val_D_mannwhitney_p': 0.047849280174264514}"
ca_tme_gru,qwen2_5_omni_7b,20260719,0.46022266917042387,0.6999387741088867,0.5911468259138974,"{'val_aligned_D_mean': 8.383975982666016, 'val_conflict_D_mean': 9.083914756774902, 'val_D_gap': 0.6999387741088867, 'val_D_effect_size': 0.18721167743206024, 'val_D_pair_margin_satisfaction': 0.5224146842956543, 'val_aligned_split_angle_deg_mean': 71.38151550292969, 'val_conflict_split_angle_deg_mean': 73.53087615966797, 'val_split_angle_gap_deg': 2.149358034133911, 'val_raw_theta_gap_rad': 0.0375133752822876, 'val_raw_theta_gap_deg': 2.149358034133911, 'val_split_angle_effect_size': 0.1403656005859375, 'val_angular_pair_margin_satisfaction': 0.5414597392082214, 'val_D_mannwhitney_p': 0.5911468259138974}"
ca_tme_gru,qwen2_5_vl_7b,20260717,0.6011940793266459,1.7921347618103027,2.2586117271086067e-06,"{'val_aligned_D_mean': 7.552401065826416, 'val_conflict_D_mean': 9.344535827636719, 'val_D_gap': 1.7921347618103027, 'val_D_effect_size': 0.479038268327713, 'val_D_pair_margin_satisfaction': 0.6169217228889465, 'val_aligned_split_angle_deg_mean': 47.017677307128906, 'val_conflict_split_angle_deg_mean': 57.825904846191406, 'val_split_angle_gap_deg': 10.808228492736816, 'val_raw_theta_gap_rad': 0.18863916397094727, 'val_raw_theta_gap_deg': 10.808228492736816, 'val_split_angle_effect_size': 0.5386239886283875, 'val_angular_pair_margin_satisfaction': 0.6437939405441284, 'val_D_mannwhitney_p': 2.2586117271086067e-06}"
ca_tme_gru,qwen2_5_vl_7b,20260718,0.5505339847803528,0.149489164352417,0.48867040231542247,"{'val_aligned_D_mean': 3.564818859100342, 'val_conflict_D_mean': 3.714308023452759, 'val_D_gap': 0.149489164352417, 'val_D_effect_size': 0.06544096022844315, 'val_D_pair_margin_satisfaction': 0.5171220898628235, 'val_aligned_split_angle_deg_mean': 17.964757919311523, 'val_conflict_split_angle_deg_mean': 18.232852935791016, 'val_split_angle_gap_deg': 0.268093466758728, 'val_raw_theta_gap_rad': 0.0046791136264801025, 'val_raw_theta_gap_deg': 0.268093466758728, 'val_split_angle_effect_size': 0.023235829547047615, 'val_angular_pair_margin_satisfaction': 0.511443555355072, 'val_D_mannwhitney_p': 0.48867040231542247}"
ca_tme_gru,qwen2_5_vl_7b,20260719,0.5694864810330912,-0.34610843658447266,0.09669797321465023,"{'val_aligned_D_mean': 8.313366889953613, 'val_conflict_D_mean': 7.967258453369141, 'val_D_gap': -0.34610843658447266, 'val_D_effect_size': -0.15095029771327972, 'val_D_pair_margin_satisfaction': 0.45892783999443054, 'val_aligned_split_angle_deg_mean': 56.79072189331055, 'val_conflict_split_angle_deg_mean': 55.958621978759766, 'val_split_angle_gap_deg': -0.8320980668067932, 'val_raw_theta_gap_rad': -0.014522850513458252, 'val_raw_theta_gap_deg': -0.8320980668067932, 'val_split_angle_effect_size': -0.04874241352081299, 'val_angular_pair_margin_satisfaction': 0.4850830137729645, 'val_D_mannwhitney_p': 0.09669797321465023}"
ca_tme_gru,qwen3_5_4b,20260717,0.5718969791306353,-0.8681735992431641,0.002443420486500617,"{'val_aligned_D_mean': 9.978038787841797, 'val_conflict_D_mean': 9.109865188598633, 'val_D_gap': -0.8681735992431641, 'val_D_effect_size': -0.2820082902908325, 'val_D_pair_margin_satisfaction': 0.42507636547088623, 'val_aligned_split_angle_deg_mean': 74.6472396850586, 'val_conflict_split_angle_deg_mean': 74.21485900878906, 'val_split_angle_gap_deg': -0.43237829208374023, 'val_raw_theta_gap_rad': -0.007546424865722656, 'val_raw_theta_gap_deg': -0.43237829208374023, 'val_split_angle_effect_size': -0.030266059562563896, 'val_angular_pair_margin_satisfaction': 0.49303871393203735, 'val_D_mannwhitney_p': 0.002443420486500617}"
ca_tme_gru,qwen3_5_4b,20260718,0.5743146835005188,-0.9464492797851562,0.0002398623786253247,"{'val_aligned_D_mean': 10.468247413635254, 'val_conflict_D_mean': 9.521798133850098, 'val_D_gap': -0.9464492797851562, 'val_D_effect_size': -0.32546573877334595, 'val_D_pair_margin_satisfaction': 0.40918654203414917, 'val_aligned_split_angle_deg_mean': 87.61773681640625, 'val_conflict_split_angle_deg_mean': 82.68125915527344, 'val_split_angle_gap_deg': -4.936478137969971, 'val_raw_theta_gap_rad': -0.08615779876708984, 'val_raw_theta_gap_deg': -4.936478137969971, 'val_split_angle_effect_size': -0.29704806208610535, 'val_angular_pair_margin_satisfaction': 0.4126023054122925, 'val_D_mannwhitney_p': 0.0002398623786253247}"
ca_tme_gru,qwen3_5_4b,20260719,0.5749019946961835,-0.5093069076538086,0.02677089323392616,"{'val_aligned_D_mean': 8.9028959274292, 'val_conflict_D_mean': 8.39358901977539, 'val_D_gap': -0.5093069076538086, 'val_D_effect_size': -0.20762068033218384, 'val_D_pair_margin_satisfaction': 0.4452359080314636, 'val_aligned_split_angle_deg_mean': 56.80885314941406, 'val_conflict_split_angle_deg_mean': 52.11095428466797, 'val_split_angle_gap_deg': -4.69789981842041, 'val_raw_theta_gap_rad': -0.08199381828308105, 'val_raw_theta_gap_deg': -4.69789981842041, 'val_split_angle_effect_size': -0.3766768276691437, 'val_angular_pair_margin_satisfaction': 0.3966800570487976, 'val_D_mannwhitney_p': 0.02677089323392616}"
ca_tme_gru,qwen3_5_9b,20260717,0.5942184077020638,0.638702392578125,0.01539540984415163,"{'val_aligned_D_mean': 5.72885274887085, 'val_conflict_D_mean': 6.367555141448975, 'val_D_gap': 0.638702392578125, 'val_D_effect_size': 0.2318287193775177, 'val_D_pair_margin_satisfaction': 0.5599093437194824, 'val_aligned_split_angle_deg_mean': 80.51300811767578, 'val_conflict_split_angle_deg_mean': 84.39480590820312, 'val_split_angle_gap_deg': 3.8818013668060303, 'val_raw_theta_gap_rad': 0.06775021553039551, 'val_raw_theta_gap_deg': 3.8818013668060303, 'val_split_angle_effect_size': 0.16487424075603485, 'val_angular_pair_margin_satisfaction': 0.5468010902404785, 'val_D_mannwhitney_p': 0.01539540984415163}"
ca_tme_gru,qwen3_5_9b,20260718,0.6338511040009225,0.6640844345092773,0.14194924688418356,"{'val_aligned_D_mean': 6.391199111938477, 'val_conflict_D_mean': 7.055283546447754, 'val_D_gap': 0.6640844345092773, 'val_D_effect_size': 0.18529294431209564, 'val_D_pair_margin_satisfaction': 0.5363124012947083, 'val_aligned_split_angle_deg_mean': 64.7287826538086, 'val_conflict_split_angle_deg_mean': 68.93724060058594, 'val_split_angle_gap_deg': 4.208462238311768, 'val_raw_theta_gap_rad': 0.07345151901245117, 'val_raw_theta_gap_deg': 4.208462238311768, 'val_split_angle_effect_size': 0.16537217795848846, 'val_angular_pair_margin_satisfaction': 0.5461597442626953, 'val_D_mannwhitney_p': 0.14194924688418356}"
ca_tme_gru,qwen3_5_9b,20260719,0.5706809206733541,-0.10243892669677734,0.7880876566035917,"{'val_aligned_D_mean': 11.472792625427246, 'val_conflict_D_mean': 11.370353698730469, 'val_D_gap': -0.10243892669677734, 'val_D_effect_size': -0.030690541490912437, 'val_D_pair_margin_satisfaction': 0.4933522045612335, 'val_aligned_split_angle_deg_mean': 60.44951248168945, 'val_conflict_split_angle_deg_mean': 58.27698516845703, 'val_split_angle_gap_deg': -2.1725261211395264, 'val_raw_theta_gap_rad': -0.03791773319244385, 'val_raw_theta_gap_deg': -2.1725261211395264, 'val_split_angle_effect_size': -0.18580330908298492, 'val_angular_pair_margin_satisfaction': 0.4455277621746063, 'val_D_mannwhitney_p': 0.7880876566035917}"
ca_tme_gru,qwen3_vl_8b,20260717,0.7098970944309928,1.988314151763916,2.390437305474771e-12,"{'val_aligned_D_mean': 6.182449817657471, 'val_conflict_D_mean': 8.170763969421387, 'val_D_gap': 1.988314151763916, 'val_D_effect_size': 0.5863373279571533, 'val_D_pair_margin_satisfaction': 0.6648830771446228, 'val_aligned_split_angle_deg_mean': 52.685482025146484, 'val_conflict_split_angle_deg_mean': 73.11705780029297, 'val_split_angle_gap_deg': 20.43157958984375, 'val_raw_theta_gap_rad': 0.3565983176231384, 'val_raw_theta_gap_deg': 20.43157958984375, 'val_split_angle_effect_size': 0.7983200550079346, 'val_angular_pair_margin_satisfaction': 0.6129042506217957, 'val_D_mannwhitney_p': 2.390437305474771e-12}"
ca_tme_gru,qwen3_vl_8b,20260718,0.669412256427995,2.9183731079101562,1.3474596565742604e-15,"{'val_aligned_D_mean': 6.7771196365356445, 'val_conflict_D_mean': 9.6954927444458, 'val_D_gap': 2.9183731079101562, 'val_D_effect_size': 0.6253141164779663, 'val_D_pair_margin_satisfaction': 0.6909734010696411, 'val_aligned_split_angle_deg_mean': 44.00215530395508, 'val_conflict_split_angle_deg_mean': 63.13933563232422, 'val_split_angle_gap_deg': 19.13718032836914, 'val_raw_theta_gap_rad': 0.33400678634643555, 'val_raw_theta_gap_deg': 19.13718032836914, 'val_split_angle_effect_size': 0.8023730516433716, 'val_angular_pair_margin_satisfaction': 0.6083642840385437, 'val_D_mannwhitney_p': 1.3474596565742604e-15}"
ca_tme_gru,qwen3_vl_8b,20260719,0.6170190533840655,3.191743850708008,1.145974893912748e-12,"{'val_aligned_D_mean': 6.684934616088867, 'val_conflict_D_mean': 9.876678466796875, 'val_D_gap': 3.191743850708008, 'val_D_effect_size': 0.6247997283935547, 'val_D_pair_margin_satisfaction': 0.6700932383537292, 'val_aligned_split_angle_deg_mean': 33.7391242980957, 'val_conflict_split_angle_deg_mean': 52.29683303833008, 'val_split_angle_gap_deg': 18.557708740234375, 'val_raw_theta_gap_rad': 0.32389312982559204, 'val_raw_theta_gap_deg': 18.557708740234375, 'val_split_angle_effect_size': 0.7391830682754517, 'val_angular_pair_margin_satisfaction': 0.5788546204566956, 'val_D_mannwhitney_p': 1.145974893912748e-12}"
ca_tme_lstm,gemma3_12b,20260717,0.6124754986740459,1.647097110748291,2.907675081701783e-09,"{'val_aligned_D_mean': 4.367348670959473, 'val_conflict_D_mean': 6.014445781707764, 'val_D_gap': 1.647097110748291, 'val_D_effect_size': 0.5058221817016602, 'val_D_pair_margin_satisfaction': 0.6467881202697754, 'val_aligned_split_angle_deg_mean': 24.769264221191406, 'val_conflict_split_angle_deg_mean': 36.21782302856445, 'val_split_angle_gap_deg': 11.44855785369873, 'val_raw_theta_gap_rad': 0.199815034866333, 'val_raw_theta_gap_deg': 11.44855785369873, 'val_split_angle_effect_size': 0.6011597514152527, 'val_angular_pair_margin_satisfaction': 0.6674160957336426, 'val_D_mannwhitney_p': 2.907675081701783e-09}"
ca_tme_lstm,gemma3_12b,20260718,0.5716321486221607,0.35903215408325195,0.03434150008256237,"{'val_aligned_D_mean': 3.3801815509796143, 'val_conflict_D_mean': 3.739213705062866, 'val_D_gap': 0.35903215408325195, 'val_D_effect_size': 0.16045206785202026, 'val_D_pair_margin_satisfaction': 0.5523211359977722, 'val_aligned_split_angle_deg_mean': 28.51491355895996, 'val_conflict_split_angle_deg_mean': 30.87465476989746, 'val_split_angle_gap_deg': 2.359741687774658, 'val_raw_theta_gap_rad': 0.04118525981903076, 'val_raw_theta_gap_deg': 2.359741687774658, 'val_split_angle_effect_size': 0.1559167504310608, 'val_angular_pair_margin_satisfaction': 0.5436879992485046, 'val_D_mannwhitney_p': 0.03434150008256237}"
ca_tme_lstm,gemma3_12b,20260719,0.5554018217456473,-0.2988302707672119,0.10361828406877471,"{'val_aligned_D_mean': 3.1543893814086914, 'val_conflict_D_mean': 2.8555591106414795, 'val_D_gap': -0.2988302707672119, 'val_D_effect_size': -0.13032180070877075, 'val_D_pair_margin_satisfaction': 0.4597565531730652, 'val_aligned_split_angle_deg_mean': 34.05452346801758, 'val_conflict_split_angle_deg_mean': 31.090843200683594, 'val_split_angle_gap_deg': -2.9636805057525635, 'val_raw_theta_gap_rad': -0.05172598361968994, 'val_raw_theta_gap_deg': -2.9636805057525635, 'val_split_angle_effect_size': -0.114666648209095, 'val_angular_pair_margin_satisfaction': 0.45306554436683655, 'val_D_mannwhitney_p': 0.10361828406877471}"
ca_tme_lstm,gemma3_4b,20260717,0.5705962469733656,0.2637815475463867,0.14810024260788138,"{'val_aligned_D_mean': 5.284106254577637, 'val_conflict_D_mean': 5.547887802124023, 'val_D_gap': 0.2637815475463867, 'val_D_effect_size': 0.09120122343301773, 'val_D_pair_margin_satisfaction': 0.5357611179351807, 'val_aligned_split_angle_deg_mean': 64.18782806396484, 'val_conflict_split_angle_deg_mean': 67.38372039794922, 'val_split_angle_gap_deg': 3.1958866119384766, 'val_raw_theta_gap_rad': 0.05577874183654785, 'val_raw_theta_gap_deg': 3.1958866119384766, 'val_split_angle_effect_size': 0.12929411232471466, 'val_angular_pair_margin_satisfaction': 0.5489810109138489, 'val_D_mannwhitney_p': 0.14810024260788138}"
ca_tme_lstm,gemma3_4b,20260718,0.5965334226911103,1.182645320892334,7.3217576137957995e-06,"{'val_aligned_D_mean': 6.887857913970947, 'val_conflict_D_mean': 8.070503234863281, 'val_D_gap': 1.182645320892334, 'val_D_effect_size': 0.3887023627758026, 'val_D_pair_margin_satisfaction': 0.6108720898628235, 'val_aligned_split_angle_deg_mean': 61.22705841064453, 'val_conflict_split_angle_deg_mean': 74.80406951904297, 'val_split_angle_gap_deg': 13.577009201049805, 'val_raw_theta_gap_rad': 0.23696351051330566, 'val_raw_theta_gap_deg': 13.577009201049805, 'val_split_angle_effect_size': 0.5687729120254517, 'val_angular_pair_margin_satisfaction': 0.6539151668548584, 'val_D_mannwhitney_p': 7.3217576137957995e-06}"
ca_tme_lstm,gemma3_4b,20260719,0.6320603453245706,1.2536773681640625,4.8586022995896714e-08,"{'val_aligned_D_mean': 5.434148788452148, 'val_conflict_D_mean': 6.687826156616211, 'val_D_gap': 1.2536773681640625, 'val_D_effect_size': 0.43695566058158875, 'val_D_pair_margin_satisfaction': 0.6349121928215027, 'val_aligned_split_angle_deg_mean': 62.96767807006836, 'val_conflict_split_angle_deg_mean': 77.58594512939453, 'val_split_angle_gap_deg': 14.618265151977539, 'val_raw_theta_gap_rad': 0.2551368474960327, 'val_raw_theta_gap_deg': 14.618265151977539, 'val_split_angle_effect_size': 0.5833374261856079, 'val_angular_pair_margin_satisfaction': 0.6665765643119812, 'val_D_mannwhitney_p': 4.8586022995896714e-08}"
ca_tme_lstm,gemma4_12b,20260717,0.49383751632367096,-0.5246448516845703,0.7778036053472911,"{'val_aligned_D_mean': 30.12428092956543, 'val_conflict_D_mean': 29.59963607788086, 'val_D_gap': -0.5246448516845703, 'val_D_effect_size': -0.046363167464733124, 'val_D_pair_margin_satisfaction': 0.488223135471344, 'val_aligned_split_angle_deg_mean': 157.59120178222656, 'val_conflict_split_angle_deg_mean': 158.3404541015625, 'val_split_angle_gap_deg': 0.7492581009864807, 'val_raw_theta_gap_rad': 0.013077020645141602, 'val_raw_theta_gap_deg': 0.7492581009864807, 'val_split_angle_effect_size': 0.049345970153808594, 'val_angular_pair_margin_satisfaction': 0.5170958042144775, 'val_D_mannwhitney_p': 0.7778036053472911}"
ca_tme_lstm,gemma4_12b,20260718,0.4924363019378699,1.2748384475708008,0.10051324972080863,"{'val_aligned_D_mean': 9.130019187927246, 'val_conflict_D_mean': 10.404857635498047, 'val_D_gap': 1.2748384475708008, 'val_D_effect_size': 0.33052170276641846, 'val_D_pair_margin_satisfaction': 0.5685213208198547, 'val_aligned_split_angle_deg_mean': 64.72738647460938, 'val_conflict_split_angle_deg_mean': 65.20458984375, 'val_split_angle_gap_deg': 0.4771980047225952, 'val_raw_theta_gap_rad': 0.008328676223754883, 'val_raw_theta_gap_deg': 0.4771980047225952, 'val_split_angle_effect_size': 0.11182449012994766, 'val_angular_pair_margin_satisfaction': 0.5237110257148743, 'val_D_mannwhitney_p': 0.10051324972080863}"
ca_tme_lstm,gemma4_12b,20260719,0.5251122401319238,2.3395347595214844,0.1044050588702562,"{'val_aligned_D_mean': 40.69066619873047, 'val_conflict_D_mean': 43.03020095825195, 'val_D_gap': 2.3395347595214844, 'val_D_effect_size': 0.22103962302207947, 'val_D_pair_margin_satisfaction': 0.5677492022514343, 'val_aligned_split_angle_deg_mean': 108.24845886230469, 'val_conflict_split_angle_deg_mean': 109.92821502685547, 'val_split_angle_gap_deg': 1.6797553300857544, 'val_raw_theta_gap_rad': 0.029317259788513184, 'val_raw_theta_gap_deg': 1.6797553300857544, 'val_split_angle_effect_size': 0.13780875504016876, 'val_angular_pair_margin_satisfaction': 0.5348349809646606, 'val_D_mannwhitney_p': 0.1044050588702562}"
ca_tme_lstm,glm4_6v_flash,20260717,0.5297222702640378,0.01592397689819336,0.950673204173902,"{'val_aligned_D_mean': 6.58324670791626, 'val_conflict_D_mean': 6.599170684814453, 'val_D_gap': 0.01592397689819336, 'val_D_effect_size': 0.0057854242622852325, 'val_D_pair_margin_satisfaction': 0.5015313029289246, 'val_aligned_split_angle_deg_mean': 55.07821273803711, 'val_conflict_split_angle_deg_mean': 53.62925720214844, 'val_split_angle_gap_deg': -1.4489563703536987, 'val_raw_theta_gap_rad': -0.025289058685302734, 'val_raw_theta_gap_deg': -1.4489563703536987, 'val_split_angle_effect_size': -0.062425050884485245, 'val_angular_pair_margin_satisfaction': 0.47702640295028687, 'val_D_mannwhitney_p': 0.950673204173902}"
ca_tme_lstm,glm4_6v_flash,20260718,0.5260650870517698,0.269423246383667,0.24738942335560354,"{'val_aligned_D_mean': 2.6273088455200195, 'val_conflict_D_mean': 2.8967320919036865, 'val_D_gap': 0.269423246383667, 'val_D_effect_size': 0.12734687328338623, 'val_D_pair_margin_satisfaction': 0.5286017060279846, 'val_aligned_split_angle_deg_mean': 29.994281768798828, 'val_conflict_split_angle_deg_mean': 32.711795806884766, 'val_split_angle_gap_deg': 2.7175137996673584, 'val_raw_theta_gap_rad': 0.047429561614990234, 'val_raw_theta_gap_deg': 2.7175137996673584, 'val_split_angle_effect_size': 0.14082413911819458, 'val_angular_pair_margin_satisfaction': 0.5327813029289246, 'val_D_mannwhitney_p': 0.24738942335560354}"
ca_tme_lstm,glm4_6v_flash,20260719,0.5080746281563473,0.517667293548584,0.0853618971892558,"{'val_aligned_D_mean': 7.0508246421813965, 'val_conflict_D_mean': 7.5684919357299805, 'val_D_gap': 0.517667293548584, 'val_D_effect_size': 0.1529673933982849, 'val_D_pair_margin_satisfaction': 0.542538583278656, 'val_aligned_split_angle_deg_mean': 55.54142379760742, 'val_conflict_split_angle_deg_mean': 60.141422271728516, 'val_split_angle_gap_deg': 4.59999942779541, 'val_raw_theta_gap_rad': 0.08028513193130493, 'val_raw_theta_gap_deg': 4.59999942779541, 'val_split_angle_effect_size': 0.17359347641468048, 'val_angular_pair_margin_satisfaction': 0.5494530200958252, 'val_D_mannwhitney_p': 0.0853618971892558}"
ca_tme_lstm,internvl3_5_8b,20260717,0.5099086244667359,-0.3696765899658203,0.09151613390057672,"{'val_aligned_D_mean': 10.090620040893555, 'val_conflict_D_mean': 9.720943450927734, 'val_D_gap': -0.3696765899658203, 'val_D_effect_size': -0.06767787784337997, 'val_D_pair_margin_satisfaction': 0.4582756757736206, 'val_aligned_split_angle_deg_mean': 57.44034957885742, 'val_conflict_split_angle_deg_mean': 55.74552917480469, 'val_split_angle_gap_deg': -1.6948192119598389, 'val_raw_theta_gap_rad': -0.02958017587661743, 'val_raw_theta_gap_deg': -1.6948192119598389, 'val_split_angle_effect_size': -0.0724431574344635, 'val_angular_pair_margin_satisfaction': 0.4669700264930725, 'val_D_mannwhitney_p': 0.09151613390057672}"
ca_tme_lstm,internvl3_5_8b,20260718,0.6396755736192783,1.5926151275634766,2.660837804439221e-12,"{'val_aligned_D_mean': 4.4214959144592285, 'val_conflict_D_mean': 6.014111042022705, 'val_D_gap': 1.5926151275634766, 'val_D_effect_size': 0.5650107860565186, 'val_D_pair_margin_satisfaction': 0.6729432940483093, 'val_aligned_split_angle_deg_mean': 36.02607345581055, 'val_conflict_split_angle_deg_mean': 48.896278381347656, 'val_split_angle_gap_deg': 12.870207786560059, 'val_raw_theta_gap_rad': 0.22462749481201172, 'val_raw_theta_gap_deg': 12.870207786560059, 'val_split_angle_effect_size': 0.5972318649291992, 'val_angular_pair_margin_satisfaction': 0.6722478866577148, 'val_D_mannwhitney_p': 2.660837804439221e-12}"
ca_tme_lstm,internvl3_5_8b,20260719,0.6761735414504785,2.3079299926757812,7.73896934144988e-12,"{'val_aligned_D_mean': 8.691853523254395, 'val_conflict_D_mean': 10.999783515930176, 'val_D_gap': 2.3079299926757812, 'val_D_effect_size': 0.5981278419494629, 'val_D_pair_margin_satisfaction': 0.6692032814025879, 'val_aligned_split_angle_deg_mean': 57.685340881347656, 'val_conflict_split_angle_deg_mean': 76.40392303466797, 'val_split_angle_gap_deg': 18.718584060668945, 'val_raw_theta_gap_rad': 0.32670092582702637, 'val_raw_theta_gap_deg': 18.718584060668945, 'val_split_angle_effect_size': 0.7923495769500732, 'val_angular_pair_margin_satisfaction': 0.722648561000824, 'val_D_mannwhitney_p': 7.73896934144988e-12}"
ca_tme_lstm,llava_onevision_qwen2_7b,20260717,0.5881777499135248,1.9123711585998535,3.684111140315517e-11,"{'val_aligned_D_mean': 5.487058639526367, 'val_conflict_D_mean': 7.399429798126221, 'val_D_gap': 1.9123711585998535, 'val_D_effect_size': 0.6042856574058533, 'val_D_pair_margin_satisfaction': 0.663589596748352, 'val_aligned_split_angle_deg_mean': 37.973514556884766, 'val_conflict_split_angle_deg_mean': 52.36878204345703, 'val_split_angle_gap_deg': 14.395265579223633, 'val_raw_theta_gap_rad': 0.25124478340148926, 'val_raw_theta_gap_deg': 14.395265579223633, 'val_split_angle_effect_size': 0.6534581780433655, 'val_angular_pair_margin_satisfaction': 0.6807332634925842, 'val_D_mannwhitney_p': 3.684111140315517e-11}"
ca_tme_lstm,llava_onevision_qwen2_7b,20260718,0.5486009022252969,0.2502312660217285,0.3529951194562929,"{'val_aligned_D_mean': 4.107030868530273, 'val_conflict_D_mean': 4.357262134552002, 'val_D_gap': 0.2502312660217285, 'val_D_effect_size': 0.08877521008253098, 'val_D_pair_margin_satisfaction': 0.5229663848876953, 'val_aligned_split_angle_deg_mean': 41.327125549316406, 'val_conflict_split_angle_deg_mean': 44.57460021972656, 'val_split_angle_gap_deg': 3.2474749088287354, 'val_raw_theta_gap_rad': 0.0566791296005249, 'val_raw_theta_gap_deg': 3.2474749088287354, 'val_split_angle_effect_size': 0.11086276173591614, 'val_angular_pair_margin_satisfaction': 0.5220800042152405, 'val_D_mannwhitney_p': 0.3529951194562929}"
ca_tme_lstm,llava_onevision_qwen2_7b,20260719,0.5632584601637265,1.1660809516906738,0.000947685417400093,"{'val_aligned_D_mean': 3.0289597511291504, 'val_conflict_D_mean': 4.195040702819824, 'val_D_gap': 1.1660809516906738, 'val_D_effect_size': 0.3349040746688843, 'val_D_pair_margin_satisfaction': 0.5817335247993469, 'val_aligned_split_angle_deg_mean': 25.528789520263672, 'val_conflict_split_angle_deg_mean': 33.38251495361328, 'val_split_angle_gap_deg': 7.853725433349609, 'val_raw_theta_gap_rad': 0.1370733678340912, 'val_raw_theta_gap_deg': 7.853725433349609, 'val_split_angle_effect_size': 0.3304517865180969, 'val_angular_pair_margin_satisfaction': 0.5808795690536499, 'val_D_mannwhitney_p': 0.000947685417400093}"
ca_tme_lstm,llava_v1_5_7b,20260717,0.5172914504784965,-0.1379251480102539,0.5231444380498255,"{'val_aligned_D_mean': 8.06619930267334, 'val_conflict_D_mean': 7.928274154663086, 'val_D_gap': -0.1379251480102539, 'val_D_effect_size': -0.058044541627168655, 'val_D_pair_margin_satisfaction': 0.4842110574245453, 'val_aligned_split_angle_deg_mean': 54.92120361328125, 'val_conflict_split_angle_deg_mean': 53.716976165771484, 'val_split_angle_gap_deg': -1.2042272090911865, 'val_raw_theta_gap_rad': -0.021017730236053467, 'val_raw_theta_gap_deg': -1.2042272090911865, 'val_split_angle_effect_size': -0.07768283039331436, 'val_angular_pair_margin_satisfaction': 0.47994133830070496, 'val_D_mannwhitney_p': 0.5231444380498255}"
ca_tme_lstm,llava_v1_5_7b,20260718,0.5220277729735963,-0.30269622802734375,0.3541293192130831,"{'val_aligned_D_mean': 6.099228382110596, 'val_conflict_D_mean': 5.796532154083252, 'val_D_gap': -0.30269622802734375, 'val_D_effect_size': -0.09415513277053833, 'val_D_pair_margin_satisfaction': 0.4770876467227936, 'val_aligned_split_angle_deg_mean': 47.19070053100586, 'val_conflict_split_angle_deg_mean': 44.57648468017578, 'val_split_angle_gap_deg': -2.6142139434814453, 'val_raw_theta_gap_rad': -0.04562664031982422, 'val_raw_theta_gap_deg': -2.6142139434814453, 'val_split_angle_effect_size': -0.11881901323795319, 'val_angular_pair_margin_satisfaction': 0.4621165990829468, 'val_D_mannwhitney_p': 0.3541293192130831}"
ca_tme_lstm,llava_v1_5_7b,20260719,0.6318495618586417,2.3768420219421387,2.378060430891868e-14,"{'val_aligned_D_mean': 5.1273512840271, 'val_conflict_D_mean': 7.504193305969238, 'val_D_gap': 2.3768420219421387, 'val_D_effect_size': 0.6834731101989746, 'val_D_pair_margin_satisfaction': 0.6886133551597595, 'val_aligned_split_angle_deg_mean': 37.132286071777344, 'val_conflict_split_angle_deg_mean': 56.183284759521484, 'val_split_angle_gap_deg': 19.05099868774414, 'val_raw_theta_gap_rad': 0.33250266313552856, 'val_raw_theta_gap_deg': 19.05099868774414, 'val_split_angle_effect_size': 0.8989003300666809, 'val_angular_pair_margin_satisfaction': 0.7379618883132935, 'val_D_mannwhitney_p': 2.378060430891868e-14}"
ca_tme_lstm,minicpm_v_2_6,20260717,0.5168158365040931,0.12320160865783691,0.07942171490273081,"{'val_aligned_D_mean': 2.4529712200164795, 'val_conflict_D_mean': 2.5761728286743164, 'val_D_gap': 0.12320160865783691, 'val_D_effect_size': 0.09057937562465668, 'val_D_pair_margin_satisfaction': 0.5433709621429443, 'val_aligned_split_angle_deg_mean': 33.689361572265625, 'val_conflict_split_angle_deg_mean': 35.46803283691406, 'val_split_angle_gap_deg': 1.778670072555542, 'val_raw_theta_gap_rad': 0.031043648719787598, 'val_raw_theta_gap_deg': 1.778670072555542, 'val_split_angle_effect_size': 0.09194982796907425, 'val_angular_pair_margin_satisfaction': 0.5239536166191101, 'val_D_mannwhitney_p': 0.07942171490273081}"
ca_tme_lstm,minicpm_v_2_6,20260718,0.5501250288250894,0.30217552185058594,0.05819298192063927,"{'val_aligned_D_mean': 3.4856858253479004, 'val_conflict_D_mean': 3.7878613471984863, 'val_D_gap': 0.30217552185058594, 'val_D_effect_size': 0.156094029545784, 'val_D_pair_margin_satisfaction': 0.5468371510505676, 'val_aligned_split_angle_deg_mean': 43.53104019165039, 'val_conflict_split_angle_deg_mean': 46.08985900878906, 'val_split_angle_gap_deg': 2.5588176250457764, 'val_raw_theta_gap_rad': 0.04465979337692261, 'val_raw_theta_gap_deg': 2.5588176250457764, 'val_split_angle_effect_size': 0.12545408308506012, 'val_angular_pair_margin_satisfaction': 0.5277549624443054, 'val_D_mannwhitney_p': 0.05819298192063927}"
ca_tme_lstm,minicpm_v_2_6,20260719,0.5041544160036896,0.12603628635406494,0.08855934364341048,"{'val_aligned_D_mean': 1.374436378479004, 'val_conflict_D_mean': 1.5004726648330688, 'val_D_gap': 0.12603628635406494, 'val_D_effect_size': 0.11303319782018661, 'val_D_pair_margin_satisfaction': 0.5421098470687866, 'val_aligned_split_angle_deg_mean': 17.98967933654785, 'val_conflict_split_angle_deg_mean': 20.038240432739258, 'val_split_angle_gap_deg': 2.0485615730285645, 'val_raw_theta_gap_rad': 0.03575414419174194, 'val_raw_theta_gap_deg': 2.0485615730285645, 'val_split_angle_effect_size': 0.1441321223974228, 'val_angular_pair_margin_satisfaction': 0.535123348236084, 'val_D_mannwhitney_p': 0.08855934364341048}"
ca_tme_lstm,minicpm_v_4_5,20260717,0.5263515363772627,-0.5492358207702637,0.0169956912095766,"{'val_aligned_D_mean': 7.428562164306641, 'val_conflict_D_mean': 6.879326343536377, 'val_D_gap': -0.5492358207702637, 'val_D_effect_size': -0.12900006771087646, 'val_D_pair_margin_satisfaction': 0.44098421931266785, 'val_aligned_split_angle_deg_mean': 49.57966232299805, 'val_conflict_split_angle_deg_mean': 46.00221252441406, 'val_split_angle_gap_deg': -3.577451705932617, 'val_raw_theta_gap_rad': -0.06243830919265747, 'val_raw_theta_gap_deg': -3.577451705932617, 'val_split_angle_effect_size': -0.18348321318626404, 'val_angular_pair_margin_satisfaction': 0.44378384947776794, 'val_D_mannwhitney_p': 0.0169956912095766}"
ca_tme_lstm,minicpm_v_4_5,20260718,0.6254341779084516,0.17986822128295898,0.6795588955909453,"{'val_aligned_D_mean': 6.659566402435303, 'val_conflict_D_mean': 6.839434623718262, 'val_D_gap': 0.17986822128295898, 'val_D_effect_size': 0.057413987815380096, 'val_D_pair_margin_satisfaction': 0.5102148652076721, 'val_aligned_split_angle_deg_mean': 54.18659210205078, 'val_conflict_split_angle_deg_mean': 57.249446868896484, 'val_split_angle_gap_deg': 3.0628550052642822, 'val_raw_theta_gap_rad': 0.053456902503967285, 'val_raw_theta_gap_deg': 3.0628550052642822, 'val_split_angle_effect_size': 0.12421457469463348, 'val_angular_pair_margin_satisfaction': 0.531761646270752, 'val_D_mannwhitney_p': 0.6795588955909453}"
ca_tme_lstm,minicpm_v_4_5,20260719,0.6090813444021677,1.4352612495422363,1.976532567535485e-07,"{'val_aligned_D_mean': 5.10761833190918, 'val_conflict_D_mean': 6.542879581451416, 'val_D_gap': 1.4352612495422363, 'val_D_effect_size': 0.4165896773338318, 'val_D_pair_margin_satisfaction': 0.6286103129386902, 'val_aligned_split_angle_deg_mean': 55.04041290283203, 'val_conflict_split_angle_deg_mean': 73.97869110107422, 'val_split_angle_gap_deg': 18.938274383544922, 'val_raw_theta_gap_rad': 0.33053523302078247, 'val_raw_theta_gap_deg': 18.938274383544922, 'val_split_angle_effect_size': 0.5408287644386292, 'val_angular_pair_margin_satisfaction': 0.6574822664260864, 'val_D_mannwhitney_p': 1.976532567535485e-07}"
ca_tme_lstm,phi3_5_vision,20260717,0.5843007753949037,-0.3782997131347656,0.6399898332736192,"{'val_aligned_D_mean': 21.150083541870117, 'val_conflict_D_mean': 20.77178382873535, 'val_D_gap': -0.3782997131347656, 'val_D_effect_size': -0.055740464478731155, 'val_D_pair_margin_satisfaction': 0.48843392729759216, 'val_aligned_split_angle_deg_mean': 150.91758728027344, 'val_conflict_split_angle_deg_mean': 150.5904541015625, 'val_split_angle_gap_deg': -0.327138751745224, 'val_raw_theta_gap_rad': -0.005709648132324219, 'val_raw_theta_gap_deg': -0.327138751745224, 'val_split_angle_effect_size': -0.024405254051089287, 'val_angular_pair_margin_satisfaction': 0.5142863988876343, 'val_D_mannwhitney_p': 0.6399898332736192}"
ca_tme_lstm,phi3_5_vision,20260718,0.514639542257581,-0.1823190450668335,0.07899817795221524,"{'val_aligned_D_mean': 1.8930398225784302, 'val_conflict_D_mean': 1.7107207775115967, 'val_D_gap': -0.1823190450668335, 'val_D_effect_size': -0.12811945378780365, 'val_D_pair_margin_satisfaction': 0.45656779408454895, 'val_aligned_split_angle_deg_mean': 25.958290100097656, 'val_conflict_split_angle_deg_mean': 24.134443283081055, 'val_split_angle_gap_deg': -1.823846697807312, 'val_raw_theta_gap_rad': -0.03183212876319885, 'val_raw_theta_gap_deg': -1.823846697807312, 'val_split_angle_effect_size': -0.09283816069364548, 'val_angular_pair_margin_satisfaction': 0.4579874277114868, 'val_D_mannwhitney_p': 0.07899817795221524}"
ca_tme_lstm,phi3_5_vision,20260719,0.5716339501902455,0.18103933334350586,0.42279875893601016,"{'val_aligned_D_mean': 7.1329121589660645, 'val_conflict_D_mean': 7.31395149230957, 'val_D_gap': 0.18103933334350586, 'val_D_effect_size': 0.05433438718318939, 'val_D_pair_margin_satisfaction': 0.5198208093643188, 'val_aligned_split_angle_deg_mean': 59.4560661315918, 'val_conflict_split_angle_deg_mean': 62.07741928100586, 'val_split_angle_gap_deg': 2.621351480484009, 'val_raw_theta_gap_rad': 0.045751214027404785, 'val_raw_theta_gap_deg': 2.621351480484009, 'val_split_angle_effect_size': 0.11441294103860855, 'val_angular_pair_margin_satisfaction': 0.5227033495903015, 'val_D_mannwhitney_p': 0.42279875893601016}"
ca_tme_lstm,qwen2_5_omni_7b,20260717,0.6255278384123384,1.0045490264892578,0.001493308610368287,"{'val_aligned_D_mean': 4.791131496429443, 'val_conflict_D_mean': 5.795680522918701, 'val_D_gap': 1.0045490264892578, 'val_D_effect_size': 0.5046573281288147, 'val_D_pair_margin_satisfaction': 0.6325005888938904, 'val_aligned_split_angle_deg_mean': 52.19029998779297, 'val_conflict_split_angle_deg_mean': 62.339561462402344, 'val_split_angle_gap_deg': 10.149261474609375, 'val_raw_theta_gap_rad': 0.17713803052902222, 'val_raw_theta_gap_deg': 10.149261474609375, 'val_split_angle_effect_size': 0.566410481929779, 'val_angular_pair_margin_satisfaction': 0.6551392674446106, 'val_D_mannwhitney_p': 0.001493308610368287}"
ca_tme_lstm,qwen2_5_omni_7b,20260718,0.5078925544996139,0.054186344146728516,0.9260894177936225,"{'val_aligned_D_mean': 6.053475379943848, 'val_conflict_D_mean': 6.107661724090576, 'val_D_gap': 0.054186344146728516, 'val_D_effect_size': 0.030225161463022232, 'val_D_pair_margin_satisfaction': 0.5038748383522034, 'val_aligned_split_angle_deg_mean': 54.954322814941406, 'val_conflict_split_angle_deg_mean': 55.623291015625, 'val_split_angle_gap_deg': 0.6689692139625549, 'val_raw_theta_gap_rad': 0.011675715446472168, 'val_raw_theta_gap_deg': 0.6689692139625549, 'val_split_angle_effect_size': 0.03778887167572975, 'val_angular_pair_margin_satisfaction': 0.5094510912895203, 'val_D_mannwhitney_p': 0.9260894177936225}"
ca_tme_lstm,qwen2_5_omni_7b,20260719,0.5600329809644549,0.11997568607330322,0.28843801146932946,"{'val_aligned_D_mean': 1.1456809043884277, 'val_conflict_D_mean': 1.265656590461731, 'val_D_gap': 0.11997568607330322, 'val_D_effect_size': 0.14121563732624054, 'val_D_pair_margin_satisfaction': 0.5442907810211182, 'val_aligned_split_angle_deg_mean': 26.941341400146484, 'val_conflict_split_angle_deg_mean': 34.84270095825195, 'val_split_angle_gap_deg': 7.9013590812683105, 'val_raw_theta_gap_rad': 0.13790473341941833, 'val_raw_theta_gap_deg': 7.9013590812683105, 'val_split_angle_effect_size': 0.3204026520252228, 'val_angular_pair_margin_satisfaction': 0.578301191329956, 'val_D_mannwhitney_p': 0.28843801146932946}"
ca_tme_lstm,qwen2_5_vl_7b,20260717,0.5914620085322264,1.2215862274169922,0.00026361480091016297,"{'val_aligned_D_mean': 5.6679863929748535, 'val_conflict_D_mean': 6.889572620391846, 'val_D_gap': 1.2215862274169922, 'val_D_effect_size': 0.3714902698993683, 'val_D_pair_margin_satisfaction': 0.5902153253555298, 'val_aligned_split_angle_deg_mean': 43.72445297241211, 'val_conflict_split_angle_deg_mean': 54.82526397705078, 'val_split_angle_gap_deg': 11.100809097290039, 'val_raw_theta_gap_rad': 0.1937456727027893, 'val_raw_theta_gap_deg': 11.100809097290039, 'val_split_angle_effect_size': 0.5223479270935059, 'val_angular_pair_margin_satisfaction': 0.6433471441268921, 'val_D_mannwhitney_p': 0.00026361480091016297}"
ca_tme_lstm,qwen2_5_vl_7b,20260718,0.5537551885160844,-0.054944753646850586,0.8643293564759198,"{'val_aligned_D_mean': 3.480341672897339, 'val_conflict_D_mean': 3.4253969192504883, 'val_D_gap': -0.054944753646850586, 'val_D_effect_size': -0.025457166135311127, 'val_D_pair_margin_satisfaction': 0.4957734942436218, 'val_aligned_split_angle_deg_mean': 35.4641227722168, 'val_conflict_split_angle_deg_mean': 36.30544662475586, 'val_split_angle_gap_deg': 0.8413256406784058, 'val_raw_theta_gap_rad': 0.014683902263641357, 'val_raw_theta_gap_deg': 0.8413256406784058, 'val_split_angle_effect_size': 0.037285011261701584, 'val_angular_pair_margin_satisfaction': 0.5073468089103699, 'val_D_mannwhitney_p': 0.8643293564759198}"
ca_tme_lstm,qwen2_5_vl_7b,20260719,0.5824739853568546,0.8348355293273926,0.03745470784778785,"{'val_aligned_D_mean': 5.256425380706787, 'val_conflict_D_mean': 6.09126091003418, 'val_D_gap': 0.8348355293273926, 'val_D_effect_size': 0.24546848237514496, 'val_D_pair_margin_satisfaction': 0.551449179649353, 'val_aligned_split_angle_deg_mean': 34.359153747558594, 'val_conflict_split_angle_deg_mean': 40.647640228271484, 'val_split_angle_gap_deg': 6.288486957550049, 'val_raw_theta_gap_rad': 0.10975480079650879, 'val_raw_theta_gap_deg': 6.288486957550049, 'val_split_angle_effect_size': 0.3279919922351837, 'val_angular_pair_margin_satisfaction': 0.5772404074668884, 'val_D_mannwhitney_p': 0.03745470784778785}"
ca_tme_lstm,qwen3_5_4b,20260717,0.5663373400207541,-0.936394214630127,0.013303146969287706,"{'val_aligned_D_mean': 7.199606895446777, 'val_conflict_D_mean': 6.26321268081665, 'val_D_gap': -0.936394214630127, 'val_D_effect_size': -0.2801695168018341, 'val_D_pair_margin_satisfaction': 0.43878990411758423, 'val_aligned_split_angle_deg_mean': 50.4246711730957, 'val_conflict_split_angle_deg_mean': 48.40460205078125, 'val_split_angle_gap_deg': -2.0200693607330322, 'val_raw_theta_gap_rad': -0.03525686264038086, 'val_raw_theta_gap_deg': -2.0200693607330322, 'val_split_angle_effect_size': -0.10150276869535446, 'val_angular_pair_margin_satisfaction': 0.47407183051109314, 'val_D_mannwhitney_p': 0.013303146969287706}"
ca_tme_lstm,qwen3_5_4b,20260718,0.542479173872939,1.596360206604004,3.811580944516274e-12,"{'val_aligned_D_mean': 4.523773670196533, 'val_conflict_D_mean': 6.120133876800537, 'val_D_gap': 1.596360206604004, 'val_D_effect_size': 0.5281248092651367, 'val_D_pair_margin_satisfaction': 0.6716930270195007, 'val_aligned_split_angle_deg_mean': 28.523067474365234, 'val_conflict_split_angle_deg_mean': 39.68488693237305, 'val_split_angle_gap_deg': 11.161818504333496, 'val_raw_theta_gap_rad': 0.19481047987937927, 'val_raw_theta_gap_deg': 11.161818504333496, 'val_split_angle_effect_size': 0.5997282266616821, 'val_angular_pair_margin_satisfaction': 0.6845346093177795, 'val_D_mannwhitney_p': 3.811580944516274e-12}"
ca_tme_lstm,qwen3_5_4b,20260719,0.5852447970713709,-0.3545680046081543,0.0008981646401880978,"{'val_aligned_D_mean': 5.086980819702148, 'val_conflict_D_mean': 4.732412815093994, 'val_D_gap': -0.3545680046081543, 'val_D_effect_size': -0.28250932693481445, 'val_D_pair_margin_satisfaction': 0.4178953170776367, 'val_aligned_split_angle_deg_mean': 28.366579055786133, 'val_conflict_split_angle_deg_mean': 26.767261505126953, 'val_split_angle_gap_deg': -1.5993177890777588, 'val_raw_theta_gap_rad': -0.02791336178779602, 'val_raw_theta_gap_deg': -1.5993177890777588, 'val_split_angle_effect_size': -0.16998349130153656, 'val_angular_pair_margin_satisfaction': 0.45947912335395813, 'val_D_mannwhitney_p': 0.0008981646401880978}"
ca_tme_lstm,qwen3_5_9b,20260717,0.6009941052692263,0.13005542755126953,0.794037637259385,"{'val_aligned_D_mean': 9.675077438354492, 'val_conflict_D_mean': 9.805132865905762, 'val_D_gap': 0.13005542755126953, 'val_D_effect_size': 0.03503939136862755, 'val_D_pair_margin_satisfaction': 0.5064567923545837, 'val_aligned_split_angle_deg_mean': 55.040218353271484, 'val_conflict_split_angle_deg_mean': 53.36481475830078, 'val_split_angle_gap_deg': -1.67540442943573, 'val_raw_theta_gap_rad': -0.029241323471069336, 'val_raw_theta_gap_deg': -1.67540442943573, 'val_split_angle_effect_size': -0.1403365135192871, 'val_angular_pair_margin_satisfaction': 0.45995113253593445, 'val_D_mannwhitney_p': 0.794037637259385}"
ca_tme_lstm,qwen3_5_9b,20260718,0.5416810792113456,0.3927459716796875,0.019800186712916817,"{'val_aligned_D_mean': 3.3977978229522705, 'val_conflict_D_mean': 3.790543794631958, 'val_D_gap': 0.3927459716796875, 'val_D_effect_size': 0.18243852257728577, 'val_D_pair_margin_satisfaction': 0.5576141476631165, 'val_aligned_split_angle_deg_mean': 34.07712173461914, 'val_conflict_split_angle_deg_mean': 35.82906723022461, 'val_split_angle_gap_deg': 1.7519469261169434, 'val_raw_theta_gap_rad': 0.030577242374420166, 'val_raw_theta_gap_deg': 1.7519469261169434, 'val_split_angle_effect_size': 0.09200996160507202, 'val_angular_pair_margin_satisfaction': 0.5257228016853333, 'val_D_mannwhitney_p': 0.019800186712916817}"
ca_tme_lstm,qwen3_5_9b,20260719,0.5774854433298744,0.6974821090698242,0.020361417491229425,"{'val_aligned_D_mean': 5.848592281341553, 'val_conflict_D_mean': 6.546074390411377, 'val_D_gap': 0.6974821090698242, 'val_D_effect_size': 0.1570732146501541, 'val_D_pair_margin_satisfaction': 0.5573546886444092, 'val_aligned_split_angle_deg_mean': 47.392364501953125, 'val_conflict_split_angle_deg_mean': 54.27345275878906, 'val_split_angle_gap_deg': 6.881087779998779, 'val_raw_theta_gap_rad': 0.12009763717651367, 'val_raw_theta_gap_deg': 6.881087779998779, 'val_split_angle_effect_size': 0.21459273993968964, 'val_angular_pair_margin_satisfaction': 0.5639268159866333, 'val_D_mannwhitney_p': 0.020361417491229425}"
ca_tme_lstm,qwen3_vl_8b,20260717,0.6013652282947077,-5.467678070068359,0.006636738316525554,"{'val_aligned_D_mean': 43.15126419067383, 'val_conflict_D_mean': 37.68358612060547, 'val_D_gap': -5.467678070068359, 'val_D_effect_size': -0.20901012420654297, 'val_D_pair_margin_satisfaction': 0.4328807592391968, 'val_aligned_split_angle_deg_mean': 83.2277603149414, 'val_conflict_split_angle_deg_mean': 80.23359680175781, 'val_split_angle_gap_deg': -2.994163751602173, 'val_raw_theta_gap_rad': -0.05225801467895508, 'val_raw_theta_gap_deg': -2.994163751602173, 'val_split_angle_effect_size': -0.23358255624771118, 'val_angular_pair_margin_satisfaction': 0.4295946955680847, 'val_D_mannwhitney_p': 0.006636738316525554}"
ca_tme_lstm,qwen3_vl_8b,20260718,0.6166947711287905,1.9668922424316406,2.039486133437133e-07,"{'val_aligned_D_mean': 5.175726413726807, 'val_conflict_D_mean': 7.142618656158447, 'val_D_gap': 1.9668922424316406, 'val_D_effect_size': 0.3414955735206604, 'val_D_pair_margin_satisfaction': 0.6284661889076233, 'val_aligned_split_angle_deg_mean': 45.832366943359375, 'val_conflict_split_angle_deg_mean': 63.4232177734375, 'val_split_angle_gap_deg': 17.590852737426758, 'val_raw_theta_gap_rad': 0.3070182800292969, 'val_raw_theta_gap_deg': 17.590852737426758, 'val_split_angle_effect_size': 0.5307323336601257, 'val_angular_pair_margin_satisfaction': 0.6548555493354797, 'val_D_mannwhitney_p': 2.039486133437133e-07}"
ca_tme_lstm,qwen3_vl_8b,20260719,0.6569165801913986,3.0628395080566406,1.0788661538183312e-16,"{'val_aligned_D_mean': 5.742691993713379, 'val_conflict_D_mean': 8.80553150177002, 'val_D_gap': 3.0628395080566406, 'val_D_effect_size': 0.7450360655784607, 'val_D_pair_margin_satisfaction': 0.7051157355308533, 'val_aligned_split_angle_deg_mean': 37.63436508178711, 'val_conflict_split_angle_deg_mean': 60.554039001464844, 'val_split_angle_gap_deg': 22.919675827026367, 'val_raw_theta_gap_rad': 0.40002381801605225, 'val_raw_theta_gap_deg': 22.919675827026367, 'val_split_angle_effect_size': 0.8670964241027832, 'val_angular_pair_margin_satisfaction': 0.736387312412262, 'val_D_mannwhitney_p': 1.0788661538183312e-16}"
ca_tme_bilstm,gemma3_12b,20260717,0.5663445462930935,0.35323095321655273,0.12331741024664244,"{'val_aligned_D_mean': 5.2687087059021, 'val_conflict_D_mean': 5.621939659118652, 'val_D_gap': 0.35323095321655273, 'val_D_effect_size': 0.10589149594306946, 'val_D_pair_margin_satisfaction': 0.5381031632423401, 'val_aligned_split_angle_deg_mean': 39.22473907470703, 'val_conflict_split_angle_deg_mean': 42.96242141723633, 'val_split_angle_gap_deg': 3.7376811504364014, 'val_raw_theta_gap_rad': 0.06523483991622925, 'val_raw_theta_gap_deg': 3.7376811504364014, 'val_split_angle_effect_size': 0.16715580224990845, 'val_angular_pair_margin_satisfaction': 0.5505123734474182, 'val_D_mannwhitney_p': 0.12331741024664244}"
ca_tme_bilstm,gemma3_12b,20260718,0.573080609362389,-0.45650243759155273,0.04604951343731893,"{'val_aligned_D_mean': 8.429489135742188, 'val_conflict_D_mean': 7.972986698150635, 'val_D_gap': -0.45650243759155273, 'val_D_effect_size': -0.13691315054893494, 'val_D_pair_margin_satisfaction': 0.45067304372787476, 'val_aligned_split_angle_deg_mean': 71.37909698486328, 'val_conflict_split_angle_deg_mean': 68.34293365478516, 'val_split_angle_gap_deg': -3.0361626148223877, 'val_raw_theta_gap_rad': -0.05299103260040283, 'val_raw_theta_gap_deg': -3.0361626148223877, 'val_split_angle_effect_size': -0.1394844353199005, 'val_angular_pair_margin_satisfaction': 0.45600929856300354, 'val_D_mannwhitney_p': 0.04604951343731893}"
ca_tme_bilstm,gemma3_12b,20260719,0.5494116078634843,-0.7402892112731934,0.0033179811329983114,"{'val_aligned_D_mean': 7.447604656219482, 'val_conflict_D_mean': 6.707315444946289, 'val_D_gap': -0.7402892112731934, 'val_D_effect_size': -0.17669373750686646, 'val_D_pair_margin_satisfaction': 0.42738959193229675, 'val_aligned_split_angle_deg_mean': 57.00273895263672, 'val_conflict_split_angle_deg_mean': 52.6313362121582, 'val_split_angle_gap_deg': -4.371403217315674, 'val_raw_theta_gap_rad': -0.07629537582397461, 'val_raw_theta_gap_deg': -4.371403217315674, 'val_split_angle_effect_size': -0.20605628192424774, 'val_angular_pair_margin_satisfaction': 0.4387286603450775, 'val_D_mannwhitney_p': 0.0033179811329983114}"
ca_tme_bilstm,gemma3_4b,20260717,0.6140861005419117,0.7981247901916504,0.09541719648620627,"{'val_aligned_D_mean': 4.580560207366943, 'val_conflict_D_mean': 5.378684997558594, 'val_D_gap': 0.7981247901916504, 'val_D_effect_size': 0.20621700584888458, 'val_D_pair_margin_satisfaction': 0.5412306785583496, 'val_aligned_split_angle_deg_mean': 40.45610809326172, 'val_conflict_split_angle_deg_mean': 47.26461410522461, 'val_split_angle_gap_deg': 6.808506965637207, 'val_raw_theta_gap_rad': 0.1188308596611023, 'val_raw_theta_gap_deg': 6.808506965637207, 'val_split_angle_effect_size': 0.23944349586963654, 'val_angular_pair_margin_satisfaction': 0.5681713223457336, 'val_D_mannwhitney_p': 0.09541719648620627}"
ca_tme_bilstm,gemma3_4b,20260718,0.5419116799262078,0.11729621887207031,0.9374507251480962,"{'val_aligned_D_mean': 8.813997268676758, 'val_conflict_D_mean': 8.931293487548828, 'val_D_gap': 0.11729621887207031, 'val_D_effect_size': 0.022604433819651604, 'val_D_pair_margin_satisfaction': 0.5019420981407166, 'val_aligned_split_angle_deg_mean': 71.92223358154297, 'val_conflict_split_angle_deg_mean': 73.65403747558594, 'val_split_angle_gap_deg': 1.7318012714385986, 'val_raw_theta_gap_rad': 0.030225634574890137, 'val_raw_theta_gap_deg': 1.7318012714385986, 'val_split_angle_effect_size': 0.08237052708864212, 'val_angular_pair_margin_satisfaction': 0.5460120439529419, 'val_D_mannwhitney_p': 0.9374507251480962}"
ca_tme_bilstm,gemma3_4b,20260719,0.5092042113455552,-0.30303049087524414,0.03996556670257869,"{'val_aligned_D_mean': 3.203138828277588, 'val_conflict_D_mean': 2.9001083374023438, 'val_D_gap': -0.30303049087524414, 'val_D_effect_size': -0.12429212033748627, 'val_D_pair_margin_satisfaction': 0.44921016693115234, 'val_aligned_split_angle_deg_mean': 22.058082580566406, 'val_conflict_split_angle_deg_mean': 19.967905044555664, 'val_split_angle_gap_deg': -2.0901780128479004, 'val_raw_theta_gap_rad': -0.036480486392974854, 'val_raw_theta_gap_deg': -2.0901780128479004, 'val_split_angle_effect_size': -0.12849614024162292, 'val_angular_pair_margin_satisfaction': 0.44229575991630554, 'val_D_mannwhitney_p': 0.03996556670257869}"
ca_tme_bilstm,gemma4_12b,20260717,0.4879991230495,-0.34348106384277344,0.8804924411198818,"{'val_aligned_D_mean': 18.210054397583008, 'val_conflict_D_mean': 17.866573333740234, 'val_D_gap': -0.34348106384277344, 'val_D_effect_size': -0.050962574779987335, 'val_D_pair_margin_satisfaction': 0.49372315406799316, 'val_aligned_split_angle_deg_mean': 149.28460693359375, 'val_conflict_split_angle_deg_mean': 149.61534118652344, 'val_split_angle_gap_deg': 0.33073142170906067, 'val_raw_theta_gap_rad': 0.00577235221862793, 'val_raw_theta_gap_deg': 0.33073142170906067, 'val_split_angle_effect_size': 0.019459111616015434, 'val_angular_pair_margin_satisfaction': 0.5024259090423584, 'val_D_mannwhitney_p': 0.8804924411198818}"
ca_tme_bilstm,gemma4_12b,20260718,0.541869620337626,1.1939001083374023,0.6155154232154494,"{'val_aligned_D_mean': 12.309709548950195, 'val_conflict_D_mean': 13.503609657287598, 'val_D_gap': 1.1939001083374023, 'val_D_effect_size': 0.1285923421382904, 'val_D_pair_margin_satisfaction': 0.52095627784729, 'val_aligned_split_angle_deg_mean': 88.85430908203125, 'val_conflict_split_angle_deg_mean': 93.53465270996094, 'val_split_angle_gap_deg': 4.6803460121154785, 'val_raw_theta_gap_rad': 0.08168745040893555, 'val_raw_theta_gap_deg': 4.6803460121154785, 'val_split_angle_effect_size': 0.15849360823631287, 'val_angular_pair_margin_satisfaction': 0.5464640855789185, 'val_D_mannwhitney_p': 0.6155154232154494}"
ca_tme_bilstm,gemma4_12b,20260719,0.5289917928871688,2.1103515625,0.3210401735406334,"{'val_aligned_D_mean': 47.60307693481445, 'val_conflict_D_mean': 49.71342849731445, 'val_D_gap': 2.1103515625, 'val_D_effect_size': 0.10092061758041382, 'val_D_pair_margin_satisfaction': 0.5414025783538818, 'val_aligned_split_angle_deg_mean': 98.63116455078125, 'val_conflict_split_angle_deg_mean': 100.60676574707031, 'val_split_angle_gap_deg': 1.9756048917770386, 'val_raw_theta_gap_rad': 0.03448081016540527, 'val_raw_theta_gap_deg': 1.9756048917770386, 'val_split_angle_effect_size': 0.26749253273010254, 'val_angular_pair_margin_satisfaction': 0.5587509274482727, 'val_D_mannwhitney_p': 0.3210401735406334}"
ca_tme_bilstm,glm4_6v_flash,20260717,0.5248670442753373,0.23699688911437988,0.22670740085411045,"{'val_aligned_D_mean': 2.1946494579315186, 'val_conflict_D_mean': 2.4316463470458984, 'val_D_gap': 0.23699688911437988, 'val_D_effect_size': 0.1260390430688858, 'val_D_pair_margin_satisfaction': 0.5298916101455688, 'val_aligned_split_angle_deg_mean': 29.82120132446289, 'val_conflict_split_angle_deg_mean': 33.16563034057617, 'val_split_angle_gap_deg': 3.3444294929504395, 'val_raw_theta_gap_rad': 0.05837130546569824, 'val_raw_theta_gap_deg': 3.3444294929504395, 'val_split_angle_effect_size': 0.130160391330719, 'val_angular_pair_margin_satisfaction': 0.5276540517807007, 'val_D_mannwhitney_p': 0.22670740085411045}"
ca_tme_bilstm,glm4_6v_flash,20260718,0.5332155107805834,0.26162147521972656,0.9997093153260163,"{'val_aligned_D_mean': 4.861645221710205, 'val_conflict_D_mean': 5.123266696929932, 'val_D_gap': 0.26162147521972656, 'val_D_effect_size': 0.08059779554605484, 'val_D_pair_margin_satisfaction': 0.5000107884407043, 'val_aligned_split_angle_deg_mean': 48.052947998046875, 'val_conflict_split_angle_deg_mean': 49.79087829589844, 'val_split_angle_gap_deg': 1.7379313707351685, 'val_raw_theta_gap_rad': 0.030332624912261963, 'val_raw_theta_gap_deg': 1.7379313707351685, 'val_split_angle_effect_size': 0.07893156260251999, 'val_angular_pair_margin_satisfaction': 0.5180084705352783, 'val_D_mannwhitney_p': 0.9997093153260163}"
ca_tme_bilstm,glm4_6v_flash,20260719,0.5334244926784273,0.08112025260925293,0.6769983733599956,"{'val_aligned_D_mean': 2.7813596725463867, 'val_conflict_D_mean': 2.8624799251556396, 'val_D_gap': 0.08112025260925293, 'val_D_effect_size': 0.04948144778609276, 'val_D_pair_margin_satisfaction': 0.5103013515472412, 'val_aligned_split_angle_deg_mean': 38.728599548339844, 'val_conflict_split_angle_deg_mean': 42.40092849731445, 'val_split_angle_gap_deg': 3.6723263263702393, 'val_raw_theta_gap_rad': 0.0640941858291626, 'val_raw_theta_gap_deg': 3.6723263263702393, 'val_split_angle_effect_size': 0.12053614854812622, 'val_angular_pair_margin_satisfaction': 0.5228294730186462, 'val_D_mannwhitney_p': 0.6769983733599956}"
ca_tme_bilstm,internvl3_5_8b,20260717,0.5908548800876283,0.03588414192199707,0.6424933218051214,"{'val_aligned_D_mean': 3.6367249488830566, 'val_conflict_D_mean': 3.6726090908050537, 'val_D_gap': 0.03588414192199707, 'val_D_effect_size': 0.014647911302745342, 'val_D_pair_margin_satisfaction': 0.5114795565605164, 'val_aligned_split_angle_deg_mean': 50.94285202026367, 'val_conflict_split_angle_deg_mean': 56.774906158447266, 'val_split_angle_gap_deg': 5.832056045532227, 'val_raw_theta_gap_rad': 0.10178858041763306, 'val_raw_theta_gap_deg': 5.832056045532227, 'val_split_angle_effect_size': 0.16374924778938293, 'val_angular_pair_margin_satisfaction': 0.5479397177696228, 'val_D_mannwhitney_p': 0.6424933218051214}"
ca_tme_bilstm,internvl3_5_8b,20260718,0.605861942234521,-0.0833292007446289,0.9372188950198918,"{'val_aligned_D_mean': 5.59443473815918, 'val_conflict_D_mean': 5.511105537414551, 'val_D_gap': -0.0833292007446289, 'val_D_effect_size': -0.028446756303310394, 'val_D_pair_margin_satisfaction': 0.5019493103027344, 'val_aligned_split_angle_deg_mean': 50.68472671508789, 'val_conflict_split_angle_deg_mean': 53.45182418823242, 'val_split_angle_gap_deg': 2.7670974731445312, 'val_raw_theta_gap_rad': 0.04829496145248413, 'val_raw_theta_gap_deg': 2.7670974731445312, 'val_split_angle_effect_size': 0.10272087156772614, 'val_angular_pair_margin_satisfaction': 0.5297762751579285, 'val_D_mannwhitney_p': 0.9372188950198918}"
ca_tme_bilstm,internvl3_5_8b,20260719,0.5509015046696645,0.13173294067382812,0.5597081419710572,"{'val_aligned_D_mean': 4.2593488693237305, 'val_conflict_D_mean': 4.391081809997559, 'val_D_gap': 0.13173294067382812, 'val_D_effect_size': 0.05211273580789566, 'val_D_pair_margin_satisfaction': 0.5144233107566833, 'val_aligned_split_angle_deg_mean': 54.18865966796875, 'val_conflict_split_angle_deg_mean': 55.962928771972656, 'val_split_angle_gap_deg': 1.7742714881896973, 'val_raw_theta_gap_rad': 0.030966877937316895, 'val_raw_theta_gap_deg': 1.7742714881896973, 'val_split_angle_effect_size': 0.05957483872771263, 'val_angular_pair_margin_satisfaction': 0.5202964544296265, 'val_D_mannwhitney_p': 0.5597081419710572}"
ca_tme_bilstm,llava_onevision_qwen2_7b,20260717,0.5466714228064107,0.9351425170898438,0.005519839899523322,"{'val_aligned_D_mean': 4.493748664855957, 'val_conflict_D_mean': 5.428891181945801, 'val_D_gap': 0.9351425170898438, 'val_D_effect_size': 0.2946925461292267, 'val_D_pair_margin_satisfaction': 0.5686144828796387, 'val_aligned_split_angle_deg_mean': 40.56844711303711, 'val_conflict_split_angle_deg_mean': 45.57194519042969, 'val_split_angle_gap_deg': 5.003496170043945, 'val_raw_theta_gap_rad': 0.08732748031616211, 'val_raw_theta_gap_deg': 5.003496170043945, 'val_split_angle_effect_size': 0.22588978707790375, 'val_angular_pair_margin_satisfaction': 0.5574411749839783, 'val_D_mannwhitney_p': 0.005519839899523322}"
ca_tme_bilstm,llava_onevision_qwen2_7b,20260718,0.5874228928859679,-0.5887460708618164,0.3126513665673121,"{'val_aligned_D_mean': 10.670148849487305, 'val_conflict_D_mean': 10.081402778625488, 'val_D_gap': -0.5887460708618164, 'val_D_effect_size': -0.08549363166093826, 'val_D_pair_margin_satisfaction': 0.47503384947776794, 'val_aligned_split_angle_deg_mean': 118.72261047363281, 'val_conflict_split_angle_deg_mean': 116.40901947021484, 'val_split_angle_gap_deg': -2.3135900497436523, 'val_raw_theta_gap_rad': -0.04037976264953613, 'val_raw_theta_gap_deg': -2.3135900497436523, 'val_split_angle_effect_size': -0.1149202436208725, 'val_angular_pair_margin_satisfaction': 0.46847614645957947, 'val_D_mannwhitney_p': 0.3126513665673121}"
ca_tme_bilstm,llava_onevision_qwen2_7b,20260719,0.5436754150812868,-0.057193756103515625,0.8786744875614249,"{'val_aligned_D_mean': 5.081788539886475, 'val_conflict_D_mean': 5.024594783782959, 'val_D_gap': -0.057193756103515625, 'val_D_effect_size': -0.020433753728866577, 'val_D_pair_margin_satisfaction': 0.49622389674186707, 'val_aligned_split_angle_deg_mean': 59.97091293334961, 'val_conflict_split_angle_deg_mean': 58.97195053100586, 'val_split_angle_gap_deg': -0.9989629983901978, 'val_raw_theta_gap_rad': -0.017435193061828613, 'val_raw_theta_gap_deg': -0.9989629983901978, 'val_split_angle_effect_size': -0.03145933896303177, 'val_angular_pair_margin_satisfaction': 0.4865098297595978, 'val_D_mannwhitney_p': 0.8786744875614249}"
ca_tme_bilstm,llava_v1_5_7b,20260717,0.529643001268304,0.11403083801269531,0.45907580950874793,"{'val_aligned_D_mean': 3.3326642513275146, 'val_conflict_D_mean': 3.44669508934021, 'val_D_gap': 0.11403083801269531, 'val_D_effect_size': 0.05373888462781906, 'val_D_pair_margin_satisfaction': 0.5183075070381165, 'val_aligned_split_angle_deg_mean': 30.697694778442383, 'val_conflict_split_angle_deg_mean': 33.66081237792969, 'val_split_angle_gap_deg': 2.9631171226501465, 'val_raw_theta_gap_rad': 0.051716148853302, 'val_raw_theta_gap_deg': 2.9631171226501465, 'val_split_angle_effect_size': 0.13342668116092682, 'val_angular_pair_margin_satisfaction': 0.5317976474761963, 'val_D_mannwhitney_p': 0.45907580950874793}"
ca_tme_bilstm,llava_v1_5_7b,20260718,0.5337307592528536,0.006066799163818359,0.8783297179879666,"{'val_aligned_D_mean': 3.178025484085083, 'val_conflict_D_mean': 3.1840922832489014, 'val_D_gap': 0.006066799163818359, 'val_D_effect_size': 0.0031846698839217424, 'val_D_pair_margin_satisfaction': 0.5037868618965149, 'val_aligned_split_angle_deg_mean': 33.85294723510742, 'val_conflict_split_angle_deg_mean': 34.91304397583008, 'val_split_angle_gap_deg': 1.0600966215133667, 'val_raw_theta_gap_rad': 0.01850217580795288, 'val_raw_theta_gap_deg': 1.0600966215133667, 'val_split_angle_effect_size': 0.04827004298567772, 'val_angular_pair_margin_satisfaction': 0.511238157749176, 'val_D_mannwhitney_p': 0.8783297179879666}"
ca_tme_bilstm,llava_v1_5_7b,20260719,0.5191398593335639,-0.018627405166625977,0.6694454196279738,"{'val_aligned_D_mean': 3.1815521717071533, 'val_conflict_D_mean': 3.1629247665405273, 'val_D_gap': -0.018627405166625977, 'val_D_effect_size': -0.007336488924920559, 'val_D_pair_margin_satisfaction': 0.4894427955150604, 'val_aligned_split_angle_deg_mean': 41.41767501831055, 'val_conflict_split_angle_deg_mean': 42.23033905029297, 'val_split_angle_gap_deg': 0.8126661777496338, 'val_raw_theta_gap_rad': 0.01418370008468628, 'val_raw_theta_gap_deg': 0.8126661777496338, 'val_split_angle_effect_size': 0.02410520426928997, 'val_angular_pair_margin_satisfaction': 0.4929342269897461, 'val_D_mannwhitney_p': 0.6694454196279738}"
ca_tme_bilstm,minicpm_v_2_6,20260717,0.5313634987893463,0.06120657920837402,0.582585543904208,"{'val_aligned_D_mean': 3.9681670665740967, 'val_conflict_D_mean': 4.029373645782471, 'val_D_gap': 0.06120657920837402, 'val_D_effect_size': 0.03893369063735008, 'val_D_pair_margin_satisfaction': 0.5135909914970398, 'val_aligned_split_angle_deg_mean': 62.776119232177734, 'val_conflict_split_angle_deg_mean': 63.33049011230469, 'val_split_angle_gap_deg': 0.5543723106384277, 'val_raw_theta_gap_rad': 0.00967562198638916, 'val_raw_theta_gap_deg': 0.5543723106384277, 'val_split_angle_effect_size': 0.019071605056524277, 'val_angular_pair_margin_satisfaction': 0.5011998414993286, 'val_D_mannwhitney_p': 0.582585543904208}"
ca_tme_bilstm,minicpm_v_2_6,20260718,0.5326390089934279,0.5312089920043945,0.004366967316658888,"{'val_aligned_D_mean': 5.052863121032715, 'val_conflict_D_mean': 5.584072113037109, 'val_D_gap': 0.5312089920043945, 'val_D_effect_size': 0.23923833668231964, 'val_D_pair_margin_satisfaction': 0.570477306842804, 'val_aligned_split_angle_deg_mean': 71.93738555908203, 'val_conflict_split_angle_deg_mean': 72.53012084960938, 'val_split_angle_gap_deg': 0.5927374958992004, 'val_raw_theta_gap_rad': 0.010345220565795898, 'val_raw_theta_gap_deg': 0.5927374958992004, 'val_split_angle_effect_size': 0.03044852986931801, 'val_angular_pair_margin_satisfaction': 0.5122326612472534, 'val_D_mannwhitney_p': 0.004366967316658888}"
ca_tme_bilstm,minicpm_v_2_6,20260719,0.5852898362734924,1.206371784210205,4.705656760088732e-15,"{'val_aligned_D_mean': 2.5660808086395264, 'val_conflict_D_mean': 3.7724525928497314, 'val_D_gap': 1.206371784210205, 'val_D_effect_size': 0.624297022819519, 'val_D_pair_margin_satisfaction': 0.6937117576599121, 'val_aligned_split_angle_deg_mean': 33.01192092895508, 'val_conflict_split_angle_deg_mean': 49.446929931640625, 'val_split_angle_gap_deg': 16.435009002685547, 'val_raw_theta_gap_rad': 0.28684502840042114, 'val_raw_theta_gap_deg': 16.435009002685547, 'val_split_angle_effect_size': 0.6765279769897461, 'val_angular_pair_margin_satisfaction': 0.7009505033493042, 'val_D_mannwhitney_p': 4.705656760088732e-15}"
ca_tme_bilstm,minicpm_v_4_5,20260717,0.603008258388101,0.14913105964660645,0.6309491632123595,"{'val_aligned_D_mean': 3.624969959259033, 'val_conflict_D_mean': 3.7741010189056396, 'val_D_gap': 0.14913105964660645, 'val_D_effect_size': 0.05845260247588158, 'val_D_pair_margin_satisfaction': 0.488120436668396, 'val_aligned_split_angle_deg_mean': 32.10040283203125, 'val_conflict_split_angle_deg_mean': 36.62144088745117, 'val_split_angle_gap_deg': 4.521035671234131, 'val_raw_theta_gap_rad': 0.07890695333480835, 'val_raw_theta_gap_deg': 4.521035671234131, 'val_split_angle_effect_size': 0.17415262758731842, 'val_angular_pair_margin_satisfaction': 0.528050422668457, 'val_D_mannwhitney_p': 0.6309491632123595}"
ca_tme_bilstm,minicpm_v_4_5,20260718,0.5410883633114263,-0.04108071327209473,0.29882075843166167,"{'val_aligned_D_mean': 2.421809673309326, 'val_conflict_D_mean': 2.3807289600372314, 'val_D_gap': -0.04108071327209473, 'val_D_effect_size': -0.016588713973760605, 'val_D_pair_margin_satisfaction': 0.5256903171539307, 'val_aligned_split_angle_deg_mean': 26.39198112487793, 'val_conflict_split_angle_deg_mean': 27.801626205444336, 'val_split_angle_gap_deg': 1.4096451997756958, 'val_raw_theta_gap_rad': 0.024602949619293213, 'val_raw_theta_gap_deg': 1.4096451997756958, 'val_split_angle_effect_size': 0.05722996965050697, 'val_angular_pair_margin_satisfaction': 0.5367231369018555, 'val_D_mannwhitney_p': 0.29882075843166167}"
ca_tme_bilstm,minicpm_v_4_5,20260719,0.5226745359160614,0.07629704475402832,0.27024313235148156,"{'val_aligned_D_mean': 2.5383260250091553, 'val_conflict_D_mean': 2.6146230697631836, 'val_D_gap': 0.07629704475402832, 'val_D_effect_size': 0.040532905608415604, 'val_D_pair_margin_satisfaction': 0.5272613167762756, 'val_aligned_split_angle_deg_mean': 33.63819885253906, 'val_conflict_split_angle_deg_mean': 35.20582962036133, 'val_split_angle_gap_deg': 1.5676308870315552, 'val_raw_theta_gap_rad': 0.02736032009124756, 'val_raw_theta_gap_deg': 1.5676308870315552, 'val_split_angle_effect_size': 0.060681842267513275, 'val_angular_pair_margin_satisfaction': 0.554212749004364, 'val_D_mannwhitney_p': 0.27024313235148156}"
ca_tme_bilstm,phi3_5_vision,20260717,0.5040877579845497,-0.22920215129852295,0.040704570099704185,"{'val_aligned_D_mean': 2.0325777530670166, 'val_conflict_D_mean': 1.8033756017684937, 'val_D_gap': -0.22920215129852295, 'val_D_effect_size': -0.14709283411502838, 'val_D_pair_margin_satisfaction': 0.4493975341320038, 'val_aligned_split_angle_deg_mean': 25.8310489654541, 'val_conflict_split_angle_deg_mean': 23.247447967529297, 'val_split_angle_gap_deg': -2.5836009979248047, 'val_raw_theta_gap_rad': -0.04509234428405762, 'val_raw_theta_gap_deg': -2.5836009979248047, 'val_split_angle_effect_size': -0.14074406027793884, 'val_angular_pair_margin_satisfaction': 0.4526692032814026, 'val_D_mannwhitney_p': 0.040704570099704185}"
ca_tme_bilstm,phi3_5_vision,20260718,0.5025816470656059,-0.20852255821228027,0.038631139559635035,"{'val_aligned_D_mean': 1.8911683559417725, 'val_conflict_D_mean': 1.6826457977294922, 'val_D_gap': -0.20852255821228027, 'val_D_effect_size': -0.12573222815990448, 'val_D_pair_margin_satisfaction': 0.44886428117752075, 'val_aligned_split_angle_deg_mean': 20.984859466552734, 'val_conflict_split_angle_deg_mean': 18.488758087158203, 'val_split_angle_gap_deg': -2.496101140975952, 'val_raw_theta_gap_rad': -0.043565183877944946, 'val_raw_theta_gap_deg': -2.496101140975952, 'val_split_angle_effect_size': -0.1487347036600113, 'val_angular_pair_margin_satisfaction': 0.4372621774673462, 'val_D_mannwhitney_p': 0.038631139559635035}"
ca_tme_bilstm,phi3_5_vision,20260719,0.5419242909028018,0.06040239334106445,0.5846867645018272,"{'val_aligned_D_mean': 5.1497368812561035, 'val_conflict_D_mean': 5.210139274597168, 'val_D_gap': 0.06040239334106445, 'val_D_effect_size': 0.02701982669532299, 'val_D_pair_margin_satisfaction': 0.5135153532028198, 'val_aligned_split_angle_deg_mean': 58.702430725097656, 'val_conflict_split_angle_deg_mean': 61.13893127441406, 'val_split_angle_gap_deg': 2.4364993572235107, 'val_raw_theta_gap_rad': 0.04252493381500244, 'val_raw_theta_gap_deg': 2.4364993572235107, 'val_split_angle_effect_size': 0.08006580173969269, 'val_angular_pair_margin_satisfaction': 0.530446469783783, 'val_D_mannwhitney_p': 0.5846867645018272}"
ca_tme_bilstm,qwen2_5_omni_7b,20260717,0.5746408792381968,1.668248176574707,0.00010615827271482499,"{'val_aligned_D_mean': 6.104754447937012, 'val_conflict_D_mean': 7.773002624511719, 'val_D_gap': 1.668248176574707, 'val_D_effect_size': 0.5321351885795593, 'val_D_pair_margin_satisfaction': 0.6617068648338318, 'val_aligned_split_angle_deg_mean': 91.37882232666016, 'val_conflict_split_angle_deg_mean': 104.85443115234375, 'val_split_angle_gap_deg': 13.475607872009277, 'val_raw_theta_gap_rad': 0.23519372940063477, 'val_raw_theta_gap_deg': 13.475607872009277, 'val_split_angle_effect_size': 0.5071388483047485, 'val_angular_pair_margin_satisfaction': 0.6296981573104858, 'val_D_mannwhitney_p': 0.00010615827271482499}"
ca_tme_bilstm,qwen2_5_omni_7b,20260718,0.5307361618164314,-0.24401473999023438,0.9549940865241534,"{'val_aligned_D_mean': 11.351824760437012, 'val_conflict_D_mean': 11.107810020446777, 'val_D_gap': -0.24401473999023438, 'val_D_effect_size': -0.05455650016665459, 'val_D_pair_margin_satisfaction': 0.5023592114448547, 'val_aligned_split_angle_deg_mean': 96.74284362792969, 'val_conflict_split_angle_deg_mean': 96.90462493896484, 'val_split_angle_gap_deg': 0.16177986562252045, 'val_raw_theta_gap_rad': 0.0028235912322998047, 'val_raw_theta_gap_deg': 0.16177986562252045, 'val_split_angle_effect_size': 0.010283336974680424, 'val_angular_pair_margin_satisfaction': 0.5089649558067322, 'val_D_mannwhitney_p': 0.9549940865241534}"
ca_tme_bilstm,qwen2_5_omni_7b,20260719,0.5401490815849928,-0.016387939453125,0.9952600483049523,"{'val_aligned_D_mean': 14.54927921295166, 'val_conflict_D_mean': 14.532891273498535, 'val_D_gap': -0.016387939453125, 'val_D_effect_size': -0.0016614204505458474, 'val_D_pair_margin_satisfaction': 0.5002526044845581, 'val_aligned_split_angle_deg_mean': 116.75135040283203, 'val_conflict_split_angle_deg_mean': 117.19346618652344, 'val_split_angle_gap_deg': 0.4421181380748749, 'val_raw_theta_gap_rad': 0.00771641731262207, 'val_raw_theta_gap_deg': 0.4421181380748749, 'val_split_angle_effect_size': 0.013556703925132751, 'val_angular_pair_margin_satisfaction': 0.5121772289276123, 'val_D_mannwhitney_p': 0.9952600483049523}"
ca_tme_bilstm,qwen2_5_vl_7b,20260717,0.5695945751181829,0.6151919364929199,0.34482240527105235,"{'val_aligned_D_mean': 6.569642066955566, 'val_conflict_D_mean': 7.184834003448486, 'val_D_gap': 0.6151919364929199, 'val_D_effect_size': 0.12007192522287369, 'val_D_pair_margin_satisfaction': 0.5233591198921204, 'val_aligned_split_angle_deg_mean': 63.72758483886719, 'val_conflict_split_angle_deg_mean': 66.13127136230469, 'val_split_angle_gap_deg': 2.403687000274658, 'val_raw_theta_gap_rad': 0.04195225238800049, 'val_raw_theta_gap_deg': 2.403687000274658, 'val_split_angle_effect_size': 0.07450118660926819, 'val_angular_pair_margin_satisfaction': 0.5204081535339355, 'val_D_mannwhitney_p': 0.34482240527105235}"
ca_tme_bilstm,qwen2_5_vl_7b,20260718,0.5644402888273954,0.43218421936035156,0.2631529161041011,"{'val_aligned_D_mean': 17.273759841918945, 'val_conflict_D_mean': 17.705944061279297, 'val_D_gap': 0.43218421936035156, 'val_D_effect_size': 0.030302777886390686, 'val_D_pair_margin_satisfaction': 0.5276684761047363, 'val_aligned_split_angle_deg_mean': 101.02249908447266, 'val_conflict_split_angle_deg_mean': 108.30841064453125, 'val_split_angle_gap_deg': 7.2859063148498535, 'val_raw_theta_gap_rad': 0.12716305255889893, 'val_raw_theta_gap_deg': 7.2859063148498535, 'val_split_angle_effect_size': 0.1587507724761963, 'val_angular_pair_margin_satisfaction': 0.543280839920044, 'val_D_mannwhitney_p': 0.2631529161041011}"
ca_tme_bilstm,qwen2_5_vl_7b,20260719,0.5788564366424536,0.6351318359375,0.15361083831914082,"{'val_aligned_D_mean': 9.5867280960083, 'val_conflict_D_mean': 10.2218599319458, 'val_D_gap': 0.6351318359375, 'val_D_effect_size': 0.12300600856542587, 'val_D_pair_margin_satisfaction': 0.5352818965911865, 'val_aligned_split_angle_deg_mean': 66.49573516845703, 'val_conflict_split_angle_deg_mean': 70.48506927490234, 'val_split_angle_gap_deg': 3.9893290996551514, 'val_raw_theta_gap_rad': 0.06962692737579346, 'val_raw_theta_gap_deg': 3.9893290996551514, 'val_split_angle_effect_size': 0.15361563861370087, 'val_angular_pair_margin_satisfaction': 0.5428773164749146, 'val_D_mannwhitney_p': 0.15361083831914082}"
ca_tme_bilstm,qwen3_5_4b,20260717,0.5862987144010147,0.22280597686767578,0.3201832290445038,"{'val_aligned_D_mean': 3.040827751159668, 'val_conflict_D_mean': 3.2636337280273438, 'val_D_gap': 0.22280597686767578, 'val_D_effect_size': 0.10077840089797974, 'val_D_pair_margin_satisfaction': 0.5245805978775024, 'val_aligned_split_angle_deg_mean': 32.321109771728516, 'val_conflict_split_angle_deg_mean': 33.91896438598633, 'val_split_angle_gap_deg': 1.597854495048523, 'val_raw_theta_gap_rad': 0.027887821197509766, 'val_raw_theta_gap_deg': 1.597854495048523, 'val_split_angle_effect_size': 0.07562457025051117, 'val_angular_pair_margin_satisfaction': 0.5170068144798279, 'val_D_mannwhitney_p': 0.3201832290445038}"
ca_tme_bilstm,qwen3_5_4b,20260718,0.5963784878358123,0.24866247177124023,0.697045717013381,"{'val_aligned_D_mean': 4.391196250915527, 'val_conflict_D_mean': 4.639858722686768, 'val_D_gap': 0.24866247177124023, 'val_D_effect_size': 0.07072211802005768, 'val_D_pair_margin_satisfaction': 0.5096275806427002, 'val_aligned_split_angle_deg_mean': 33.09659194946289, 'val_conflict_split_angle_deg_mean': 36.566951751708984, 'val_split_angle_gap_deg': 3.470357656478882, 'val_raw_theta_gap_rad': 0.060569167137145996, 'val_raw_theta_gap_deg': 3.470357656478882, 'val_split_angle_effect_size': 0.14259743690490723, 'val_angular_pair_margin_satisfaction': 0.5365826487541199, 'val_D_mannwhitney_p': 0.697045717013381}"
ca_tme_bilstm,qwen3_5_4b,20260719,0.5952867375763865,0.18622875213623047,0.6773182353087599,"{'val_aligned_D_mean': 8.041118621826172, 'val_conflict_D_mean': 8.227347373962402, 'val_D_gap': 0.18622875213623047, 'val_D_effect_size': 0.05684481933712959, 'val_D_pair_margin_satisfaction': 0.5102905631065369, 'val_aligned_split_angle_deg_mean': 46.740264892578125, 'val_conflict_split_angle_deg_mean': 45.18115997314453, 'val_split_angle_gap_deg': -1.5591068267822266, 'val_raw_theta_gap_rad': -0.027211546897888184, 'val_raw_theta_gap_deg': -1.5591068267822266, 'val_split_angle_effect_size': -0.08052211254835129, 'val_angular_pair_margin_satisfaction': 0.47299087047576904, 'val_D_mannwhitney_p': 0.6773182353087599}"
ca_tme_bilstm,qwen3_5_9b,20260717,0.5839818978438833,1.6680817604064941,7.206292557873254e-09,"{'val_aligned_D_mean': 4.439032077789307, 'val_conflict_D_mean': 6.107113838195801, 'val_D_gap': 1.6680817604064941, 'val_D_effect_size': 0.5135027170181274, 'val_D_pair_margin_satisfaction': 0.6430625319480896, 'val_aligned_split_angle_deg_mean': 25.95905876159668, 'val_conflict_split_angle_deg_mean': 35.525779724121094, 'val_split_angle_gap_deg': 9.566720008850098, 'val_raw_theta_gap_rad': 0.16697075963020325, 'val_raw_theta_gap_deg': 9.566720008850098, 'val_split_angle_effect_size': 0.5994080901145935, 'val_angular_pair_margin_satisfaction': 0.6802324652671814, 'val_D_mannwhitney_p': 7.206292557873254e-09}"
ca_tme_bilstm,qwen3_5_9b,20260718,0.5440267208578347,0.36304569244384766,0.04538595180713112,"{'val_aligned_D_mean': 2.3952596187591553, 'val_conflict_D_mean': 2.758305311203003, 'val_D_gap': 0.36304569244384766, 'val_D_effect_size': 0.16135425865650177, 'val_D_pair_margin_satisfaction': 0.5494782328605652, 'val_aligned_split_angle_deg_mean': 22.771621704101562, 'val_conflict_split_angle_deg_mean': 25.589481353759766, 'val_split_angle_gap_deg': 2.817859411239624, 'val_raw_theta_gap_rad': 0.04918092489242554, 'val_raw_theta_gap_deg': 2.817859411239624, 'val_split_angle_effect_size': 0.15067905187606812, 'val_angular_pair_margin_satisfaction': 0.5448878407478333, 'val_D_mannwhitney_p': 0.04538595180713112}"
ca_tme_bilstm,qwen3_5_9b,20260719,0.554733439986164,0.7412099838256836,0.07422287643512503,"{'val_aligned_D_mean': 5.181963920593262, 'val_conflict_D_mean': 5.923173904418945, 'val_D_gap': 0.7412099838256836, 'val_D_effect_size': 0.14806927740573883, 'val_D_pair_margin_satisfaction': 0.5441420078277588, 'val_aligned_split_angle_deg_mean': 52.61859130859375, 'val_conflict_split_angle_deg_mean': 60.02267074584961, 'val_split_angle_gap_deg': 7.404078960418701, 'val_raw_theta_gap_rad': 0.12922555208206177, 'val_raw_theta_gap_deg': 7.404078960418701, 'val_split_angle_effect_size': 0.18535014986991882, 'val_angular_pair_margin_satisfaction': 0.5525769591331482, 'val_D_mannwhitney_p': 0.07422287643512503}"
ca_tme_bilstm,qwen3_vl_8b,20260717,0.6288607604058573,2.381505012512207,3.0125378310881606e-10,"{'val_aligned_D_mean': 4.62833833694458, 'val_conflict_D_mean': 7.009843349456787, 'val_D_gap': 2.381505012512207, 'val_D_effect_size': 0.5675273537635803, 'val_D_pair_margin_satisfaction': 0.6557239294052124, 'val_aligned_split_angle_deg_mean': 34.396541595458984, 'val_conflict_split_angle_deg_mean': 53.51456832885742, 'val_split_angle_gap_deg': 19.118024826049805, 'val_raw_theta_gap_rad': 0.3336724638938904, 'val_raw_theta_gap_deg': 19.118024826049805, 'val_split_angle_effect_size': 0.5588268637657166, 'val_angular_pair_margin_satisfaction': 0.6714299917221069, 'val_D_mannwhitney_p': 3.0125378310881606e-10}"
ca_tme_bilstm,qwen3_vl_8b,20260718,0.6278104462123832,0.8827114105224609,0.007949404468561247,"{'val_aligned_D_mean': 4.191460609436035, 'val_conflict_D_mean': 5.074172019958496, 'val_D_gap': 0.8827114105224609, 'val_D_effect_size': 0.24112597107887268, 'val_D_pair_margin_satisfaction': 0.5656275153160095, 'val_aligned_split_angle_deg_mean': 39.5488395690918, 'val_conflict_split_angle_deg_mean': 52.01215362548828, 'val_split_angle_gap_deg': 12.463315963745117, 'val_raw_theta_gap_rad': 0.2175258994102478, 'val_raw_theta_gap_deg': 12.463315963745117, 'val_split_angle_effect_size': 0.3922557532787323, 'val_angular_pair_margin_satisfaction': 0.6015291810035706, 'val_D_mannwhitney_p': 0.007949404468561247}"
ca_tme_bilstm,qwen3_vl_8b,20260719,0.6132285541335178,2.710071086883545,2.367997141385848e-15,"{'val_aligned_D_mean': 5.027133941650391, 'val_conflict_D_mean': 7.7372050285339355, 'val_D_gap': 2.710071086883545, 'val_D_effect_size': 0.6299116611480713, 'val_D_pair_margin_satisfaction': 0.6958340406417847, 'val_aligned_split_angle_deg_mean': 35.33414840698242, 'val_conflict_split_angle_deg_mean': 57.47321319580078, 'val_split_angle_gap_deg': 22.13906478881836, 'val_raw_theta_gap_rad': 0.3863995671272278, 'val_raw_theta_gap_deg': 22.13906478881836, 'val_split_angle_effect_size': 0.660947859287262, 'val_angular_pair_margin_satisfaction': 0.7018693089485168, 'val_D_mannwhitney_p': 2.367997141385848e-15}"
